"source_dataset","date","plant_name","plant_number","energy_type_clean","energy_generated_mwh","emissions_kg","ef_kg_per_mwh","audit_severity","audit_issue_codes","pollutant"
"western_power",2007-03-01,"Pyeongtaek",4,"oil_and_natural_gas",246406,220600,0.895270407376444,"warning","high_dust_tsp_mass;high_sox_emission_factor;high_sox_mass","SOx"
"eastwest_power",2010-01-01,"Ulsan",2,"oil",37893.208,62584.3077,1.65159697484573,"warning","high_sox_emission_factor","SOx"
"eastwest_power",2010-02-01,"Honam",1,"coal",161600.228,326163.0782,2.0183330323024,"warning","high_nox_emission_factor;high_sox_emission_factor","SOx"
"eastwest_power",2010-02-01,"Ulsan",2,"oil",21596.708,35239.3942,1.63170211867475,"warning","high_sox_emission_factor","SOx"
"eastwest_power",2010-03-01,"Honam",1,"coal",178639.057,348406.0465,1.95033523100158,"warning","high_nox_emission_factor;high_sox_emission_factor;high_sox_mass","SOx"
"eastwest_power",2010-03-01,"Ulsan",2,"oil",22276.542,38686.6203,1.7366528566238,"warning","high_sox_emission_factor","SOx"
"eastwest_power",2010-04-01,"Honam",1,"coal",32017.692,66870.3617,2.0885440993061,"warning","high_nox_emission_factor;high_sox_emission_factor","SOx"
"eastwest_power",2010-04-01,"Ulsan",2,"oil",7309.123,13317.7953,1.82207842172036,"warning","high_nox_emission_factor;high_sox_emission_factor","SOx"
"eastwest_power",2010-06-01,"Honam",2,"coal",14948.113,34088.5549,2.28045873750085,"warning","high_nox_emission_factor;high_sox_emission_factor","SOx"
"eastwest_power",2010-06-01,"Ulsan",2,"oil",9558.667,15106.1847,1.58036520154955,"warning","high_sox_emission_factor","SOx"
"eastwest_power",2010-09-01,"Honam",1,"coal",172748.793,336002.7634,1.94503682234121,"warning","high_sox_emission_factor","SOx"
"eastwest_power",2010-09-01,"Honam",2,"coal",150372.066,336667.2238,2.23889471466063,"warning","high_sox_emission_factor","SOx"
"eastwest_power",2010-10-01,"Honam",1,"coal",184878.764,369988.9198,2.00125158668845,"warning","high_sox_emission_factor;high_sox_mass","SOx"
"eastwest_power",2010-10-01,"Honam",2,"coal",179102.221,417291.3267,2.3299059295306,"warning","high_dust_tsp_mass;high_sox_emission_factor;high_sox_mass","SOx"
"western_power",2010-11-01,"Pyeongtaek",3,"oil_and_natural_gas",33,100,3.03030303030303,"warning","generation_very_low_nonzero;high_nox_emission_factor;high_sox_emission_factor;missing_dust_tsp","SOx"
"eastwest_power",2011-10-01,"Ulsan",2,"oil",1436.659,3159.9339,2.19950169107631,"warning","generation_very_low_nonzero;high_nox_emission_factor;high_sox_emission_factor","SOx"
"eastwest_power",2013-05-01,"Donghae",2,"coal",49968.858,68812.2198,1.37710211027837,"warning","high_sox_emission_factor","SOx"
"eastwest_power",2014-06-01,"Honam",2,"coal",23.961,234.3644,9.781077584408,"warning","generation_very_low_nonzero;high_dust_tsp_emission_factor;high_nox_emission_factor;high_sox_emission_factor","SOx"
"western_power",2015-07-01,"Taean",,"coal",1260,100,0.0793650793650794,"warning","generation_very_low_nonzero;high_nox_emission_factor;high_sox_emission_factor;missing_dust_tsp","SOx"
"western_power",2015-09-01,"Taean",,"coal",467,100,0.214132762312634,"warning","generation_very_low_nonzero;high_nox_emission_factor;high_sox_emission_factor;missing_dust_tsp","SOx"
"southern_power",2015-10-01,"Hadong",7,"coal",78364.001,39250,0.500867739001739,"warning","high_dust_tsp_emission_factor;high_sox_emission_factor","SOx"
"southern_power",2015-11-01,"Hadong",8,"coal",202995.5788,95769,0.471778747922169,"warning","high_sox_emission_factor","SOx"
"eastwest_power",2016-03-01,"Dangjin",2,"coal",1.614,0,0,"warning","generation_very_low_nonzero;zero_dust_tsp_coal_generation;zero_nox_with_generation;zero_sox_coal_generation","SOx"
"western_power",2016-09-01,"Pyeongtaek",1,"oil_and_natural_gas",5670,8500,1.49911816578483,"warning","high_sox_emission_factor;missing_dust_tsp;missing_nox","SOx"
"eastwest_power",2016-10-01,"Dangjin",7,"coal",1.241,10.2812,8.28460918614021,"warning","generation_very_low_nonzero;high_dust_tsp_emission_factor;high_nox_emission_factor;high_sox_emission_factor","SOx"
"eastwest_power",2016-11-01,"Dangjin",7,"coal",169.25,128.601,0.759828655834564,"warning","generation_very_low_nonzero;high_dust_tsp_emission_factor;high_nox_emission_factor;high_sox_emission_factor","SOx"
"western_power",2017-01-01,"Taean",9,"coal",729921,264200,0.361956978905936,"warning","high_nox_emission_factor;high_nox_mass;high_sox_emission_factor;high_sox_mass","SOx"
"western_power",2017-02-01,"Taean",9,"coal",684722,246800,0.360438250852171,"warning","high_nox_emission_factor;high_nox_mass;high_sox_emission_factor;high_sox_mass","SOx"
"western_power",2017-03-01,"Taean",9,"coal",694927,212700,0.30607531438554,"warning","high_nox_emission_factor;high_nox_mass;high_sox_emission_factor;high_sox_mass","SOx"
"western_power",2017-04-01,"Taean",9,"coal",690001,306200,0.443767472800764,"warning","high_nox_emission_factor;high_nox_mass;high_sox_emission_factor;high_sox_mass","SOx"
"western_power",2017-05-01,"Taean",9,"coal",747394,294500,0.394035809760314,"warning","high_dust_tsp_mass;high_nox_emission_factor;high_nox_mass;high_sox_emission_factor;high_sox_mass","SOx"
"southern_power",2017-06-01,"Samcheok",2,"coal",533021.057532,0,0,"warning","zero_dust_tsp_coal_generation;zero_nox_with_generation;zero_sox_coal_generation","SOx"
"western_power",2017-06-01,"Taean",9,"coal",646502,203500,0.314770874645399,"warning","high_nox_emission_factor;high_nox_mass;high_sox_emission_factor;high_sox_mass","SOx"
"southern_power",2017-07-01,"Samcheok",2,"coal",219399.4659,0,0,"warning","zero_dust_tsp_coal_generation;zero_nox_with_generation;zero_sox_coal_generation","SOx"
"southern_power",2017-08-01,"Samcheok",2,"coal",426002.4279,0,0,"warning","zero_dust_tsp_coal_generation;zero_nox_with_generation;zero_sox_coal_generation","SOx"
"western_power",2017-08-01,"Taean",9,"coal",749933,172300,0.229753858011316,"warning","high_nox_emission_factor;high_nox_mass;high_sox_emission_factor;high_sox_mass","SOx"
"western_power",2017-09-01,"Taean",9,"coal",725428,182800,0.251989170531052,"warning","high_nox_emission_factor;high_nox_mass;high_sox_emission_factor;high_sox_mass","SOx"
"western_power",2017-10-01,"Taean",9,"coal",276330,68900,0.249339557775124,"warning","high_nox_emission_factor;high_sox_emission_factor","SOx"
"eastwest_power",2018-07-01,"Honam",1,"coal",21.256,3597.183,169.231417011667,"warning","generation_very_low_nonzero;high_dust_tsp_emission_factor;high_nox_emission_factor;high_sox_emission_factor","SOx"
"southern_power",2018-10-01,"Samcheok",1,"coal",1988.15943,3063,1.54062091489313,"warning","generation_very_low_nonzero;high_dust_tsp_emission_factor;high_nox_emission_factor;high_sox_emission_factor","SOx"
"western_power",2018-11-01,"Taean",10,"coal",4,800,200,"warning","generation_very_low_nonzero;high_dust_tsp_emission_factor;high_nox_emission_factor;high_sox_emission_factor","SOx"
"southern_power",2019-04-01,"Samcheok",2,"coal",22752.993,0,0,"warning","zero_dust_tsp_coal_generation;zero_nox_with_generation;zero_sox_coal_generation","SOx"
"western_power",2020-05-01,"Taean",9,"coal",690,0,0,"warning","generation_very_low_nonzero;high_dust_tsp_emission_factor;high_nox_emission_factor;zero_sox_coal_generation","SOx"
"southern_power",2020-07-01,"Namjeju Combined",,"natural_gas",2317.785863,85,0.0366729305570883,"warning","high_dust_tsp_emission_factor;high_nox_emission_factor;high_sox_emission_factor","SOx"
"southeast_power",2020-08-01,"Yeongdong",1,"biomass",83590,6510.78372318171,0.077889505002772,"warning","high_sox_emission_factor;high_sox_mass","SOx"
"southern_power",2020-08-01,"Namjeju Combined",,"natural_gas",2197.341745,81,0.0368627229625586,"warning","high_dust_tsp_emission_factor;high_nox_emission_factor;high_sox_emission_factor","SOx"
"southeast_power",2020-09-01,"Yeongdong",1,"biomass",73162.02,5545.35528331886,0.0757955464231149,"warning","high_sox_emission_factor;high_sox_mass","SOx"
"southern_power",2020-09-01,"Hadong",1,"coal",9220.82378,57239,6.2075798611564,"warning","high_dust_tsp_emission_factor;high_nox_emission_factor;high_sox_emission_factor","SOx"
"southern_power",2020-09-01,"Hadong",2,"coal",476,25451,53.468487394958,"warning","generation_very_low_nonzero;high_dust_tsp_emission_factor;high_nox_emission_factor;high_sox_emission_factor","SOx"
"southern_power",2020-09-01,"Namjeju Steam",1,"bio_oil_and_diesel",1330.4,3156,2.37221888153939,"warning","high_dust_tsp_emission_factor;high_nox_emission_factor;high_sox_emission_factor","SOx"
"southern_power",2020-09-01,"Namjeju Steam",2,"bio_oil_and_diesel",1318.3,3258,2.47136463627399,"warning","high_dust_tsp_emission_factor;high_nox_emission_factor;high_sox_emission_factor","SOx"
"southern_power",2021-04-01,"Hadong",5,"coal",152.88,0,0,"warning","generation_very_low_nonzero;zero_dust_tsp_coal_generation;zero_nox_with_generation;zero_sox_coal_generation","SOx"
"southern_power",2021-05-01,"Hadong",5,"coal",275.52,0,0,"warning","generation_very_low_nonzero;zero_dust_tsp_coal_generation;zero_nox_with_generation;zero_sox_coal_generation","SOx"
"eastwest_power",2022-03-01,"Donghae",1,"coal",139.938,360.143,2.57358973259586,"warning","generation_very_low_nonzero;high_dust_tsp_emission_factor;high_nox_emission_factor;high_sox_emission_factor","SOx"
"southeast_power",2022-03-01,"Samcheonpo",4,"coal",1,704.138084022857,704.138084022857,"warning","generation_very_low_nonzero;high_nox_emission_factor;high_sox_emission_factor;missing_dust_tsp","SOx"
"western_power",2022-05-01,"Taean",,"coal",7747,0,0,"warning","zero_dust_tsp_coal_generation;zero_sox_coal_generation","SOx"
"southern_power",2022-10-01,"Hadong",1,"coal",392.012,0,0,"warning","generation_very_low_nonzero;zero_dust_tsp_coal_generation;zero_nox_with_generation;zero_sox_coal_generation","SOx"
"eastwest_power",2022-11-01,"Dangjin",4,"coal",61.539,137.85,2.24004289962463,"warning","generation_very_low_nonzero;high_dust_tsp_emission_factor;high_sox_emission_factor","SOx"
"southern_power",2022-11-01,"Hadong",1,"coal",108.36,0,0,"warning","generation_very_low_nonzero;zero_dust_tsp_coal_generation;zero_nox_with_generation;zero_sox_coal_generation","SOx"
"western_power",2023-01-01,"Taean",,"coal",58454,609000,10.4184486947001,"warning","high_dust_tsp_emission_factor;high_dust_tsp_mass;high_nox_emission_factor;high_nox_mass;high_sox_emission_factor;high_sox_mass","SOx"
"southeast_power",2023-02-01,"Yeongdong",2,"biomass",48767,957.944868973714,0.0196433011867393,"warning","high_sox_emission_factor","SOx"
"southeast_power",2023-04-01,"Yeosu",2,"coal",13416,2357.59882562743,0.175730383544084,"warning","high_dust_tsp_emission_factor;high_sox_emission_factor","SOx"
"southern_power",2023-04-01,"Samcheok",2,"coal",197.9439,113,0.570868816871851,"warning","generation_very_low_nonzero;high_dust_tsp_emission_factor;high_sox_emission_factor","SOx"
"western_power",2023-10-01,"Taean",,"coal",17043,0,0,"warning","zero_sox_coal_generation","SOx"
"southern_power",2023-12-01,"Namjeju Combined",,"natural_gas",8923.075435,398,0.0446034557142573,"warning","high_dust_tsp_emission_factor;high_nox_emission_factor;high_sox_emission_factor","SOx"
"eastwest_power",2024-01-01,"Ilsan",1,"natural_gas",37496.831,5900,0.15734663017256,"warning","high_sox_emission_factor;high_sox_mass;recent_shift_high_sox_mass;zero_nox_with_generation","SOx"
"eastwest_power",2024-01-01,"Ilsan",2,"natural_gas",67224.72,11990,0.178357009147825,"warning","high_sox_emission_factor;high_sox_mass;recent_shift_high_sox_mass;zero_nox_with_generation","SOx"
"eastwest_power",2024-01-01,"Ilsan",3,"natural_gas",53975.837,9940,0.184156477277045,"warning","high_sox_emission_factor;high_sox_mass;recent_shift_high_sox_mass;zero_nox_with_generation","SOx"
"eastwest_power",2024-01-01,"Ilsan",4,"natural_gas",64358.945,20010,0.310912492428209,"warning","high_sox_emission_factor;high_sox_mass;recent_shift_high_sox_mass;zero_nox_with_generation","SOx"
"eastwest_power",2024-01-01,"Ulsan",9,"natural_gas",2428.458,550,0.226481166238,"warning","high_sox_emission_factor;high_sox_mass;recent_shift_high_sox_mass;recent_shift_low_nox_mass;zero_nox_with_generation","SOx"
"eastwest_power",2024-01-01,"Ulsan",10,"natural_gas",2123.181,460,0.216656045810508,"warning","high_sox_emission_factor;high_sox_mass;recent_shift_high_sox_mass;zero_nox_with_generation","SOx"
"eastwest_power",2024-01-01,"Ulsan",12,"natural_gas",4327.768,1090,0.251861929752242,"warning","high_sox_emission_factor;high_sox_mass;recent_shift_high_sox_mass;recent_shift_low_nox_mass;zero_nox_with_generation","SOx"
"eastwest_power",2024-02-01,"Donghae",1,"coal",16243.084,2450,0.150833425475113,"warning","high_dust_tsp_emission_factor;high_dust_tsp_mass;recent_shift_low_nox_mass;recent_shift_low_sox_mass","SOx"
"eastwest_power",2024-02-01,"Ilsan",2,"natural_gas",34869.701,8910,0.255522695763867,"warning","high_sox_emission_factor;high_sox_mass;recent_shift_high_sox_mass;zero_nox_with_generation","SOx"
"eastwest_power",2024-02-01,"Ilsan",3,"natural_gas",33080.736,8430,0.254831089610582,"warning","high_sox_emission_factor;high_sox_mass;recent_shift_high_sox_mass;zero_nox_with_generation","SOx"
"eastwest_power",2024-02-01,"Ilsan",4,"natural_gas",15607.143,5640,0.361372994403909,"warning","high_sox_emission_factor;high_sox_mass;recent_shift_high_sox_mass;zero_nox_with_generation","SOx"
"eastwest_power",2024-02-01,"Ilsan",5,"natural_gas",31391.939,6150,0.195910166619526,"warning","high_sox_emission_factor;high_sox_mass;recent_shift_high_sox_mass;zero_nox_with_generation","SOx"
"eastwest_power",2024-02-01,"Ilsan",6,"natural_gas",30881.355,5060,0.163852913837492,"warning","high_sox_emission_factor;high_sox_mass;recent_shift_high_sox_mass;zero_nox_with_generation","SOx"
"eastwest_power",2024-02-01,"Ulsan",9,"natural_gas",1958.54,320,0.163387012774822,"warning","high_sox_emission_factor;high_sox_mass;recent_shift_high_sox_mass;recent_shift_low_nox_mass;zero_nox_with_generation","SOx"
"eastwest_power",2024-02-01,"Ulsan",10,"natural_gas",1501.048,270,0.179874327802975,"warning","high_sox_emission_factor;high_sox_mass;recent_shift_high_sox_mass;zero_nox_with_generation","SOx"
"eastwest_power",2024-02-01,"Ulsan",12,"natural_gas",8863.402,2200,0.248211691176819,"warning","high_sox_emission_factor;high_sox_mass;recent_shift_high_sox_mass;recent_shift_low_nox_mass;zero_nox_with_generation","SOx"
"eastwest_power",2024-03-01,"Donghae",2,"coal",14957.683,2510,0.167806738516921,"warning","high_dust_tsp_emission_factor;high_dust_tsp_mass;recent_shift_low_nox_mass;recent_shift_low_sox_mass","SOx"
"eastwest_power",2024-03-01,"Ilsan",1,"natural_gas",18405.099,2970,0.161368325158153,"warning","high_sox_emission_factor;high_sox_mass;recent_shift_high_sox_mass;zero_nox_with_generation","SOx"
"eastwest_power",2024-03-01,"Ilsan",2,"natural_gas",19049.002,4100,0.215234372908355,"warning","high_sox_emission_factor;high_sox_mass;recent_shift_high_sox_mass;zero_nox_with_generation","SOx"
"eastwest_power",2024-03-01,"Ilsan",3,"natural_gas",839.054,250,0.297954601253316,"warning","high_sox_emission_factor;high_sox_mass;recent_shift_high_sox_mass;zero_nox_with_generation","SOx"
"eastwest_power",2024-03-01,"Ilsan",4,"natural_gas",1016.596,440,0.432816969572967,"warning","high_sox_emission_factor;high_sox_mass;recent_shift_high_sox_mass;zero_nox_with_generation","SOx"
"eastwest_power",2024-03-01,"Ilsan",5,"natural_gas",29602.09,5910,0.199648065389978,"warning","high_sox_emission_factor;high_sox_mass;recent_shift_high_sox_mass;zero_nox_with_generation","SOx"
"eastwest_power",2024-03-01,"Ilsan",6,"natural_gas",29214.197,4710,0.161222983469304,"warning","high_sox_emission_factor;high_sox_mass;recent_shift_high_sox_mass;zero_nox_with_generation","SOx"
"eastwest_power",2024-03-01,"Ulsan",9,"natural_gas",7633.856,1380,0.180773648337092,"warning","high_sox_emission_factor;high_sox_mass;recent_shift_high_sox_mass;recent_shift_low_nox_mass;zero_nox_with_generation","SOx"
"eastwest_power",2024-03-01,"Ulsan",10,"natural_gas",8437.235,1560,0.184894695951932,"warning","high_sox_emission_factor;high_sox_mass;recent_shift_high_sox_mass;zero_nox_with_generation","SOx"
"eastwest_power",2024-03-01,"Ulsan",12,"natural_gas",11272.691,2460,0.218226508648201,"warning","high_sox_emission_factor;high_sox_mass;recent_shift_high_sox_mass;recent_shift_low_nox_mass;zero_nox_with_generation","SOx"
"eastwest_power",2024-04-01,"Donghae",2,"coal",26382.07,4980,0.1887645662376,"warning","high_dust_tsp_emission_factor;high_dust_tsp_mass;recent_shift_low_nox_mass;recent_shift_low_sox_mass","SOx"
"eastwest_power",2024-04-01,"Ilsan",4,"natural_gas",751.318,330,0.439228129766623,"warning","high_sox_emission_factor;high_sox_mass;recent_shift_high_sox_mass;zero_nox_with_generation","SOx"
"eastwest_power",2024-04-01,"Ilsan",5,"natural_gas",19438.329,3950,0.203206767412981,"warning","high_sox_emission_factor;high_sox_mass;recent_shift_high_sox_mass;zero_nox_with_generation","SOx"
"eastwest_power",2024-04-01,"Ilsan",6,"natural_gas",19086.922,3340,0.174988926973139,"warning","high_sox_emission_factor;high_sox_mass;recent_shift_high_sox_mass;zero_nox_with_generation","SOx"
"eastwest_power",2024-04-01,"Ulsan",9,"natural_gas",8268.582,1400,0.169315609375344,"warning","high_sox_emission_factor;high_sox_mass;recent_shift_high_sox_mass;recent_shift_low_nox_mass;zero_nox_with_generation","SOx"
"eastwest_power",2024-04-01,"Ulsan",10,"natural_gas",8739.24,1780,0.203679038451856,"warning","high_sox_emission_factor;high_sox_mass;recent_shift_high_sox_mass;zero_nox_with_generation","SOx"
"eastwest_power",2024-04-01,"Ulsan",12,"natural_gas",20670.052,4990,0.241412068048982,"warning","high_sox_emission_factor;high_sox_mass;recent_shift_high_sox_mass;recent_shift_low_nox_mass;zero_nox_with_generation","SOx"
"eastwest_power",2024-05-01,"Donghae",1,"coal",78276.301,10360,0.132351680746897,"warning","high_dust_tsp_emission_factor;high_dust_tsp_mass;recent_shift_high_dust_tsp_mass;recent_shift_low_nox_mass;recent_shift_low_sox_mass","SOx"
"eastwest_power",2024-05-01,"Ilsan",1,"natural_gas",10610.744,1530,0.144193470316502,"warning","high_sox_emission_factor;high_sox_mass;recent_shift_high_sox_mass;zero_nox_with_generation","SOx"
"eastwest_power",2024-05-01,"Ilsan",2,"natural_gas",9624.6,1640,0.170396691810569,"warning","high_sox_emission_factor;high_sox_mass;recent_shift_high_sox_mass;zero_nox_with_generation","SOx"
"eastwest_power",2024-05-01,"Ilsan",3,"natural_gas",3377.384,790,0.233908847794624,"warning","high_sox_emission_factor;high_sox_mass;recent_shift_high_sox_mass;zero_nox_with_generation","SOx"
"eastwest_power",2024-05-01,"Ilsan",4,"natural_gas",7943.271,1650,0.207722989685232,"warning","high_sox_emission_factor;high_sox_mass;recent_shift_high_sox_mass;zero_nox_with_generation","SOx"
"eastwest_power",2024-05-01,"Ilsan",5,"natural_gas",9785.152,2130,0.217676741250417,"warning","high_sox_emission_factor;high_sox_mass;recent_shift_high_sox_mass;zero_nox_with_generation","SOx"
"eastwest_power",2024-05-01,"Ilsan",6,"natural_gas",10551.673,1820,0.172484496060483,"warning","high_sox_emission_factor;high_sox_mass;recent_shift_high_sox_mass;zero_nox_with_generation","SOx"
"eastwest_power",2024-05-01,"Ulsan",9,"natural_gas",3245.999,560,0.172520077794232,"warning","high_sox_emission_factor;high_sox_mass;recent_shift_high_sox_mass;recent_shift_low_nox_mass;zero_nox_with_generation","SOx"
"eastwest_power",2024-05-01,"Ulsan",10,"natural_gas",3440.399,520,0.151145259605063,"warning","high_sox_emission_factor;high_sox_mass;recent_shift_high_sox_mass;zero_nox_with_generation","SOx"
"eastwest_power",2024-05-01,"Ulsan",12,"natural_gas",6719.918,1490,0.221728896096649,"warning","high_sox_emission_factor;high_sox_mass;recent_shift_high_sox_mass;recent_shift_low_nox_mass;zero_nox_with_generation","SOx"
"eastwest_power",2024-06-01,"Dangjin",5,"coal",48932.104,4450,0.090942339205361,"warning","high_dust_tsp_emission_factor;recent_shift_low_sox_mass","SOx"
"eastwest_power",2024-06-01,"Donghae",1,"coal",74163.672,1530,0.020630046473427,"warning","high_dust_tsp_emission_factor;recent_shift_low_nox_mass;recent_shift_low_sox_mass","SOx"
"eastwest_power",2024-06-01,"Donghae",2,"coal",120872.506,2340,0.0193592412156988,"warning","high_dust_tsp_emission_factor;high_dust_tsp_mass;recent_shift_low_nox_mass;recent_shift_low_sox_mass","SOx"
"eastwest_power",2024-06-01,"Ilsan",1,"natural_gas",4619.056,1030,0.222989286122532,"warning","high_sox_emission_factor;high_sox_mass;recent_shift_high_sox_mass;zero_nox_with_generation","SOx"
"eastwest_power",2024-06-01,"Ilsan",2,"natural_gas",6607.719,1450,0.219440324263184,"warning","high_sox_emission_factor;high_sox_mass;recent_shift_high_sox_mass;zero_nox_with_generation","SOx"
"eastwest_power",2024-06-01,"Ilsan",3,"natural_gas",5451.313,1230,0.225633714299656,"warning","high_sox_emission_factor;high_sox_mass;recent_shift_high_sox_mass;zero_nox_with_generation","SOx"
"eastwest_power",2024-06-01,"Ilsan",4,"natural_gas",6097.044,1730,0.283744056956125,"warning","high_sox_emission_factor;high_sox_mass;recent_shift_high_sox_mass;zero_nox_with_generation","SOx"
"eastwest_power",2024-06-01,"Ilsan",5,"natural_gas",1639.114,440,0.268437704760011,"warning","high_sox_emission_factor;high_sox_mass;recent_shift_high_sox_mass;zero_nox_with_generation","SOx"
"eastwest_power",2024-06-01,"Ilsan",6,"natural_gas",8684.733,190,0.0218774716505389,"warning","high_sox_emission_factor;high_sox_mass;recent_shift_high_sox_mass;zero_nox_with_generation","SOx"
"eastwest_power",2024-06-01,"Ulsan",9,"natural_gas",13239.058,1670,0.126141905262444,"warning","high_sox_emission_factor;high_sox_mass;recent_shift_high_sox_mass;recent_shift_low_nox_mass;zero_nox_with_generation","SOx"
"eastwest_power",2024-06-01,"Ulsan",10,"natural_gas",13128.068,1850,0.140919440697595,"warning","high_sox_emission_factor;high_sox_mass;recent_shift_high_sox_mass;zero_nox_with_generation","SOx"
"eastwest_power",2024-06-01,"Ulsan",11,"natural_gas",17286.748,200,0.011569556055309,"warning","high_sox_emission_factor;high_sox_mass;recent_shift_high_sox_mass;recent_shift_low_nox_mass;zero_nox_with_generation","SOx"
"eastwest_power",2024-06-01,"Ulsan",12,"natural_gas",22833.364,4290,0.187882959339675,"warning","high_sox_emission_factor;high_sox_mass;recent_shift_high_sox_mass;recent_shift_low_nox_mass;zero_nox_with_generation","SOx"
"southeast_power",2024-06-01,"Samcheonpo",5,"coal",7973,3638.74324303543,0.456383198674956,"warning","high_dust_tsp_emission_factor;high_nox_emission_factor;high_sox_emission_factor","SOx"
"eastwest_power",2024-07-01,"Donghae",1,"coal",51752.953,8170,0.157865387893904,"warning","high_dust_tsp_emission_factor;high_dust_tsp_mass;recent_shift_high_dust_tsp_mass;recent_shift_low_nox_mass;recent_shift_low_sox_mass","SOx"
"eastwest_power",2024-07-01,"Ilsan",1,"natural_gas",3911.368,780,0.199418719997709,"warning","high_sox_emission_factor;high_sox_mass;recent_shift_high_sox_mass;zero_nox_with_generation","SOx"
"eastwest_power",2024-07-01,"Ilsan",2,"natural_gas",4248.342,890,0.209493491813983,"warning","high_sox_emission_factor;high_sox_mass;recent_shift_high_sox_mass;zero_nox_with_generation","SOx"
"eastwest_power",2024-07-01,"Ilsan",3,"natural_gas",3516.929,920,0.26159186039866,"warning","high_sox_emission_factor;high_sox_mass;recent_shift_high_sox_mass;zero_nox_with_generation","SOx"
"eastwest_power",2024-07-01,"Ilsan",4,"natural_gas",4380.66,1210,0.276214086461857,"warning","high_sox_emission_factor;high_sox_mass;recent_shift_high_sox_mass;zero_nox_with_generation","SOx"
"eastwest_power",2024-07-01,"Ilsan",5,"natural_gas",5377.19,1330,0.247341083353945,"warning","high_sox_emission_factor;high_sox_mass;recent_shift_high_sox_mass;zero_nox_with_generation","SOx"
"eastwest_power",2024-07-01,"Ilsan",6,"natural_gas",5358.524,1110,0.207146594845894,"warning","high_sox_emission_factor;high_sox_mass;recent_shift_high_sox_mass;zero_nox_with_generation","SOx"
"eastwest_power",2024-07-01,"Ulsan",9,"natural_gas",25206.602,2690,0.106718073304764,"warning","high_sox_emission_factor;high_sox_mass;recent_shift_high_sox_mass;recent_shift_low_nox_mass;zero_nox_with_generation","SOx"
"eastwest_power",2024-07-01,"Ulsan",10,"natural_gas",25519.26,2640,0.103451275624763,"warning","high_sox_emission_factor;high_sox_mass;recent_shift_high_sox_mass;zero_nox_with_generation","SOx"
"eastwest_power",2024-07-01,"Ulsan",12,"natural_gas",29676.25,4930,0.166126110947306,"warning","high_sox_emission_factor;high_sox_mass;recent_shift_high_sox_mass;recent_shift_low_nox_mass;zero_nox_with_generation","SOx"
"midland_power",2024-07-01,"Jeju",,"natural_gas",75581,675.55854,0.00893820589830778,"warning","high_sox_emission_factor;high_sox_mass","SOx"
"eastwest_power",2024-08-01,"Ilsan",1,"natural_gas",11409.109,2240,0.196334350035572,"warning","high_sox_emission_factor;high_sox_mass;recent_shift_high_sox_mass;zero_nox_with_generation","SOx"
"eastwest_power",2024-08-01,"Ilsan",2,"natural_gas",12034.855,2710,0.225179281345725,"warning","high_sox_emission_factor;high_sox_mass;recent_shift_high_sox_mass;zero_nox_with_generation","SOx"
"eastwest_power",2024-08-01,"Ilsan",3,"natural_gas",11128.869,2400,0.215655337483081,"warning","high_sox_emission_factor;high_sox_mass;recent_shift_high_sox_mass;zero_nox_with_generation","SOx"
"eastwest_power",2024-08-01,"Ilsan",4,"natural_gas",12544.507,2770,0.220813779290011,"warning","high_sox_emission_factor;high_sox_mass;recent_shift_high_sox_mass;zero_nox_with_generation","SOx"
"eastwest_power",2024-08-01,"Ilsan",5,"natural_gas",13102.823,2940,0.22437912807034,"warning","high_sox_emission_factor;high_sox_mass;recent_shift_high_sox_mass;zero_nox_with_generation","SOx"
"eastwest_power",2024-08-01,"Ilsan",6,"natural_gas",13034.84,1850,0.141927327071142,"warning","high_sox_emission_factor;high_sox_mass;recent_shift_high_sox_mass;zero_nox_with_generation","SOx"
"eastwest_power",2024-08-01,"Ulsan",9,"natural_gas",28117.462,4690,0.166800260990839,"warning","high_sox_emission_factor;high_sox_mass;recent_shift_high_sox_mass;recent_shift_low_nox_mass;zero_nox_with_generation","SOx"
"eastwest_power",2024-08-01,"Ulsan",10,"natural_gas",26993.668,5230,0.193749141465324,"warning","high_sox_emission_factor;high_sox_mass;recent_shift_high_sox_mass;zero_nox_with_generation","SOx"
"eastwest_power",2024-08-01,"Ulsan",12,"natural_gas",34805.287,7380,0.212036751772798,"warning","high_sox_emission_factor;high_sox_mass;recent_shift_high_sox_mass;recent_shift_low_nox_mass;zero_nox_with_generation","SOx"
"midland_power",2024-08-01,"Jeju",,"oil",69180,15958.4102714286,0.23067953558006,"warning","high_dust_tsp_mass;high_nox_emission_factor;high_sox_emission_factor;high_sox_mass","SOx"
"eastwest_power",2024-09-01,"Ilsan",1,"natural_gas",6082.269,1310,0.215380148428161,"warning","high_sox_emission_factor;high_sox_mass;recent_shift_high_sox_mass;zero_nox_with_generation","SOx"
"eastwest_power",2024-09-01,"Ilsan",2,"natural_gas",6741.005,1640,0.243287165637765,"warning","high_sox_emission_factor;high_sox_mass;recent_shift_high_sox_mass;zero_nox_with_generation","SOx"
"eastwest_power",2024-09-01,"Ilsan",3,"natural_gas",6265.315,1420,0.226644629998651,"warning","high_sox_emission_factor;high_sox_mass;recent_shift_high_sox_mass;zero_nox_with_generation","SOx"
"eastwest_power",2024-09-01,"Ilsan",4,"natural_gas",6985.122,1770,0.253395717354686,"warning","high_sox_emission_factor;high_sox_mass;recent_shift_high_sox_mass;zero_nox_with_generation","SOx"
"eastwest_power",2024-09-01,"Ilsan",5,"natural_gas",9377.349,2080,0.221811089680036,"warning","high_sox_emission_factor;high_sox_mass;recent_shift_high_sox_mass;zero_nox_with_generation","SOx"
"eastwest_power",2024-09-01,"Ilsan",6,"natural_gas",9385.955,2000,0.213084337182524,"warning","high_sox_emission_factor;high_sox_mass;recent_shift_high_sox_mass;zero_nox_with_generation","SOx"
"eastwest_power",2024-09-01,"Ulsan",9,"natural_gas",13099.759,2170,0.16565190245103,"warning","high_sox_emission_factor;high_sox_mass;recent_shift_high_sox_mass;recent_shift_low_nox_mass;zero_nox_with_generation","SOx"
"eastwest_power",2024-09-01,"Ulsan",10,"natural_gas",14371.121,2890,0.201097743175358,"warning","high_sox_emission_factor;high_sox_mass;recent_shift_high_sox_mass;zero_nox_with_generation","SOx"
"eastwest_power",2024-09-01,"Ulsan",12,"natural_gas",26253.068,4980,0.189692115222495,"warning","high_sox_emission_factor;high_sox_mass;recent_shift_high_sox_mass;recent_shift_low_nox_mass;zero_nox_with_generation","SOx"
"eastwest_power",2024-10-01,"Donghae",1,"coal",5808.956,940,0.161819094515434,"warning","high_dust_tsp_emission_factor;recent_shift_low_nox_mass;recent_shift_low_sox_mass","SOx"
"eastwest_power",2024-10-01,"Donghae",2,"coal",20029.226,3010,0.150280395258409,"warning","high_dust_tsp_emission_factor;high_dust_tsp_mass;recent_shift_low_nox_mass;recent_shift_low_sox_mass","SOx"
"eastwest_power",2024-10-01,"Ilsan",1,"natural_gas",1958.729,460,0.234846168101866,"warning","high_sox_emission_factor;high_sox_mass;recent_shift_high_sox_mass;zero_nox_with_generation","SOx"
"eastwest_power",2024-10-01,"Ilsan",2,"natural_gas",3635.88,510,0.140268655731212,"warning","high_sox_emission_factor;high_sox_mass;recent_shift_high_sox_mass;zero_nox_with_generation","SOx"
"eastwest_power",2024-10-01,"Ilsan",3,"natural_gas",3124.646,500,0.16001812685341,"warning","high_sox_emission_factor;high_sox_mass;recent_shift_high_sox_mass;zero_nox_with_generation","SOx"
"eastwest_power",2024-10-01,"Ilsan",4,"natural_gas",3625.422,680,0.187564371816577,"warning","high_sox_emission_factor;high_sox_mass;recent_shift_high_sox_mass;zero_nox_with_generation","SOx"
"eastwest_power",2024-10-01,"Ilsan",5,"natural_gas",4948.68,1080,0.21824001551929,"warning","high_sox_emission_factor;high_sox_mass;recent_shift_high_sox_mass;zero_nox_with_generation","SOx"
"eastwest_power",2024-10-01,"Ilsan",6,"natural_gas",6208.713,1310,0.210993808217581,"warning","high_sox_emission_factor;high_sox_mass;recent_shift_high_sox_mass;zero_nox_with_generation","SOx"
"eastwest_power",2024-10-01,"Ulsan",9,"natural_gas",8381.155,1420,0.169427722074106,"warning","high_sox_emission_factor;high_sox_mass;recent_shift_high_sox_mass;recent_shift_low_nox_mass;zero_nox_with_generation","SOx"
"eastwest_power",2024-10-01,"Ulsan",10,"natural_gas",8906.375,1790,0.200979635373539,"warning","high_sox_emission_factor;high_sox_mass;recent_shift_high_sox_mass;zero_nox_with_generation","SOx"
"eastwest_power",2024-10-01,"Ulsan",12,"natural_gas",18766.387,3520,0.187569402677244,"warning","high_sox_emission_factor;high_sox_mass;recent_shift_high_sox_mass;recent_shift_low_nox_mass;zero_nox_with_generation","SOx"
"western_power",2024-10-01,"Taean",8,"coal",6529,0,0,"warning","missing_dust_tsp;recent_shift_low_sox_mass;zero_sox_coal_generation","SOx"
"eastwest_power",2024-11-01,"Donghae",1,"coal",13264.642,2020,0.152284547144205,"warning","high_dust_tsp_emission_factor;high_dust_tsp_mass;recent_shift_low_nox_mass;recent_shift_low_sox_mass","SOx"
"eastwest_power",2024-11-01,"Ilsan",1,"natural_gas",1730.994,450,0.259966239051089,"warning","high_sox_emission_factor;high_sox_mass;recent_shift_high_sox_mass;zero_nox_with_generation","SOx"
"eastwest_power",2024-11-01,"Ilsan",2,"natural_gas",4993.393,1150,0.230304324133911,"warning","high_sox_emission_factor;high_sox_mass;recent_shift_high_sox_mass;zero_nox_with_generation","SOx"
"eastwest_power",2024-11-01,"Ilsan",3,"natural_gas",4647.342,750,0.161382570940551,"warning","high_sox_emission_factor;high_sox_mass;recent_shift_high_sox_mass;zero_nox_with_generation","SOx"
"eastwest_power",2024-11-01,"Ilsan",4,"natural_gas",494.999,150,0.30303091521397,"warning","generation_very_low_nonzero;high_sox_emission_factor;high_sox_mass;recent_shift_high_sox_mass;zero_nox_with_generation","SOx"
"eastwest_power",2024-11-01,"Ilsan",5,"natural_gas",15067.647,2650,0.175873512300892,"warning","high_sox_emission_factor;high_sox_mass;recent_shift_high_sox_mass;zero_nox_with_generation","SOx"
"eastwest_power",2024-11-01,"Ilsan",6,"natural_gas",15843.106,2990,0.188725619837423,"warning","high_sox_emission_factor;high_sox_mass;recent_shift_high_sox_mass;zero_nox_with_generation","SOx"
"eastwest_power",2024-11-01,"Ulsan",9,"natural_gas",1242.916,230,0.185048708038194,"warning","high_sox_emission_factor;high_sox_mass;recent_shift_high_sox_mass;recent_shift_low_nox_mass;zero_nox_with_generation","SOx"
"eastwest_power",2024-11-01,"Ulsan",10,"natural_gas",1248.093,260,0.208317809650403,"warning","high_sox_emission_factor;high_sox_mass;recent_shift_high_sox_mass;zero_nox_with_generation","SOx"
"eastwest_power",2024-11-01,"Ulsan",12,"natural_gas",5636.403,1100,0.19515992735083,"warning","high_sox_emission_factor;high_sox_mass;recent_shift_high_sox_mass;recent_shift_low_nox_mass;zero_nox_with_generation","SOx"
"eastwest_power",2024-12-01,"Dangjin",6,"coal",131699.496,0,0,"warning","recent_shift_low_dust_tsp_mass;recent_shift_low_nox_mass;recent_shift_low_sox_mass;zero_dust_tsp_coal_generation;zero_nox_with_generation;zero_sox_coal_generation","SOx"
"eastwest_power",2024-12-01,"Ilsan",1,"natural_gas",1709.474,470,0.274938372856212,"warning","high_sox_emission_factor;high_sox_mass;recent_shift_high_sox_mass;zero_nox_with_generation","SOx"
"eastwest_power",2024-12-01,"Ilsan",2,"natural_gas",3103.96,640,0.206188224075053,"warning","high_sox_emission_factor;high_sox_mass;recent_shift_high_sox_mass;zero_nox_with_generation","SOx"
"eastwest_power",2024-12-01,"Ilsan",3,"natural_gas",4848.781,860,0.177364166375013,"warning","high_sox_emission_factor;high_sox_mass;recent_shift_high_sox_mass;zero_nox_with_generation","SOx"
"eastwest_power",2024-12-01,"Ilsan",4,"natural_gas",749.107,220,0.293683011906176,"warning","high_sox_emission_factor;high_sox_mass;recent_shift_high_sox_mass;zero_nox_with_generation","SOx"
"eastwest_power",2024-12-01,"Ilsan",5,"natural_gas",65379.672,11240,0.171918880229317,"warning","high_sox_emission_factor;high_sox_mass;recent_shift_high_sox_mass;zero_nox_with_generation","SOx"
"eastwest_power",2024-12-01,"Ilsan",6,"natural_gas",64450.015,10310,0.159968930961459,"warning","high_sox_emission_factor;high_sox_mass;recent_shift_high_sox_mass;zero_nox_with_generation","SOx"
"eastwest_power",2024-12-01,"Ulsan",12,"natural_gas",624.906,150,0.240036101429655,"warning","generation_very_low_nonzero;high_sox_emission_factor;high_sox_mass;recent_shift_high_sox_mass;recent_shift_low_nox_mass;zero_nox_with_generation","SOx"
"midland_power",2025-01-01,"Seocheon",,"coal",339095,0,0,"warning","zero_dust_tsp_coal_generation;zero_nox_with_generation;zero_sox_coal_generation","SOx"
"western_power",2025-02-01,"Taean",,"coal",205344,0,0,"warning","recent_shift_low_nox_mass;recent_shift_low_sox_mass;zero_dust_tsp_coal_generation;zero_nox_with_generation;zero_sox_coal_generation","SOx"
"southeast_power",2025-03-01,"Samcheonpo",4,"coal",4903,2233.80465605486,0.455599562727893,"warning","high_nox_emission_factor;high_sox_emission_factor;missing_dust_tsp","SOx"
"southern_power",2025-03-01,"Hadong",7,"coal",22323.8938,2553,0.114361769629992,"warning","recent_shift_low_dust_tsp_mass;recent_shift_low_sox_mass","SOx"
"southeast_power",2025-04-01,"Samcheonpo",5,"coal",2398,793.826010925714,0.331036701803884,"warning","generation_very_low_nonzero;high_dust_tsp_emission_factor;high_nox_emission_factor;high_sox_emission_factor","SOx"
"southern_power",2025-04-01,"Hadong",5,"coal",7868.156277,1258,0.159884978858053,"warning","recent_shift_low_dust_tsp_mass;recent_shift_low_sox_mass","SOx"
"western_power",2025-04-01,"Taean",9,"coal",36127,3000,0.0830403853073878,"warning","recent_shift_low_dust_tsp_mass;recent_shift_low_nox_mass;recent_shift_low_sox_mass;zero_dust_tsp_coal_generation","SOx"
"southeast_power",2025-07-01,"Yeongheung",6,"coal",540855,18994.7133088457,0.0351197886842975,"warning","recent_shift_low_sox_mass","SOx"
"southeast_power",2025-08-01,"Yeongdong",1,"biomass",77459,6435.38028120686,0.083081117509997,"warning","high_sox_emission_factor;high_sox_mass","SOx"
"southeast_power",2025-09-01,"Yeongheung",6,"coal",267990,13215.6102550217,0.0493138186313732,"warning","recent_shift_low_nox_mass;recent_shift_low_sox_mass","SOx"
"southeast_power",2025-10-01,"Yeosu",2,"coal",1657,10.672649856,0.0064409474085697,"warning","generation_very_low_nonzero;missing_dust_tsp;recent_shift_low_nox_mass;recent_shift_low_sox_mass","SOx"
"southeast_power",2025-11-01,"Samcheonpo",6,"coal",39047,10457.263965312,0.267812225403027,"warning","high_nox_emission_factor;high_sox_emission_factor","SOx"
"southeast_power",2026-02-01,"Yeongheung",5,"coal",26922,2439.97691221029,0.0906313391356618,"warning","high_nox_emission_factor;recent_shift_low_dust_tsp_mass;recent_shift_low_nox_mass;recent_shift_low_sox_mass","SOx"
"southeast_power",2026-03-01,"Yeongheung",5,"coal",76891,6433.338174336,0.0836682859416056,"warning","high_nox_emission_factor;recent_shift_low_nox_mass;recent_shift_low_sox_mass","SOx"
"western_power",2002-01-01,"Seoincheon",1,"natural_gas",87842,66900,0.761594681359714,"warning","high_nox_emission_factor;high_nox_mass;missing_dust_tsp;missing_sox","NOx"
"western_power",2002-01-01,"Seoincheon",5,"natural_gas",85277,53700,0.629712583697832,"warning","high_nox_emission_factor;missing_dust_tsp;missing_sox","NOx"
"western_power",2002-01-01,"Seoincheon",6,"natural_gas",94490,53900,0.570430733410943,"warning","high_nox_emission_factor;missing_dust_tsp;missing_sox","NOx"
"western_power",2002-01-01,"Seoincheon",7,"natural_gas",90660,52700,0.581292742113391,"warning","high_nox_emission_factor;high_nox_mass;missing_dust_tsp;missing_sox","NOx"
"western_power",2002-02-01,"Seoincheon",1,"natural_gas",51850,41500,0.800385728061716,"warning","high_nox_emission_factor;high_nox_mass;missing_dust_tsp;missing_sox","NOx"
"western_power",2002-02-01,"Seoincheon",5,"natural_gas",56508,38900,0.68839810292348,"warning","high_nox_emission_factor;missing_dust_tsp;missing_sox","NOx"
"western_power",2002-02-01,"Seoincheon",6,"natural_gas",30894,20400,0.660322392697611,"warning","high_nox_emission_factor;missing_dust_tsp;missing_sox","NOx"
"western_power",2002-02-01,"Seoincheon",7,"natural_gas",53274,26700,0.501182565604235,"warning","high_nox_emission_factor;missing_dust_tsp;missing_sox","NOx"
"western_power",2002-03-01,"Seoincheon",1,"natural_gas",65795,49700,0.755376548369937,"warning","high_nox_emission_factor;high_nox_mass;missing_dust_tsp;missing_sox","NOx"
"western_power",2002-03-01,"Seoincheon",5,"natural_gas",56528,40800,0.721766204358902,"warning","high_nox_emission_factor;missing_dust_tsp;missing_sox","NOx"
"western_power",2002-03-01,"Seoincheon",6,"natural_gas",59953,43300,0.722232415392057,"warning","high_nox_emission_factor;missing_dust_tsp;missing_sox","NOx"
"western_power",2002-03-01,"Seoincheon",7,"natural_gas",50626,30600,0.604432505036938,"warning","high_nox_emission_factor;missing_dust_tsp;missing_sox","NOx"
"western_power",2002-04-01,"Seoincheon",1,"natural_gas",63310,47400,0.748696888327278,"warning","high_nox_emission_factor;high_nox_mass;missing_dust_tsp;missing_sox","NOx"
"western_power",2002-04-01,"Seoincheon",5,"natural_gas",65163,42200,0.647606770713442,"warning","high_nox_emission_factor;missing_dust_tsp;missing_sox","NOx"
"western_power",2002-04-01,"Seoincheon",6,"natural_gas",82363,55900,0.678702815584668,"warning","high_nox_emission_factor;missing_dust_tsp;missing_sox","NOx"
"western_power",2002-04-01,"Seoincheon",7,"natural_gas",372,0,0,"warning","generation_very_low_nonzero;missing_dust_tsp;missing_sox;zero_nox_with_generation","NOx"
"western_power",2002-05-01,"Seoincheon",1,"natural_gas",71854,53900,0.750132212542099,"warning","high_nox_emission_factor;high_nox_mass;missing_dust_tsp;missing_sox","NOx"
"western_power",2002-05-01,"Seoincheon",5,"natural_gas",73689,48400,0.656814449917898,"warning","high_nox_emission_factor;missing_dust_tsp;missing_sox","NOx"
"western_power",2002-05-01,"Seoincheon",6,"natural_gas",82805,47700,0.576052170762635,"warning","high_nox_emission_factor;missing_dust_tsp;missing_sox","NOx"
"western_power",2002-05-01,"Seoincheon",7,"natural_gas",59032,38000,0.643718661065185,"warning","high_nox_emission_factor;missing_dust_tsp;missing_sox","NOx"
"western_power",2002-06-01,"Seoincheon",1,"natural_gas",79753,59300,0.743545697340539,"warning","high_nox_emission_factor;high_nox_mass;missing_dust_tsp;missing_sox","NOx"
"western_power",2002-06-01,"Seoincheon",5,"natural_gas",82770,51000,0.616165277274375,"warning","high_nox_emission_factor;missing_dust_tsp;missing_sox","NOx"
"western_power",2002-06-01,"Seoincheon",6,"natural_gas",95325,50200,0.526619459742985,"warning","high_nox_emission_factor;missing_dust_tsp;missing_sox","NOx"
"western_power",2002-06-01,"Seoincheon",7,"natural_gas",75762,48900,0.64544230616932,"warning","high_nox_emission_factor;high_nox_mass;missing_dust_tsp;missing_sox","NOx"
"western_power",2002-07-01,"Seoincheon",1,"natural_gas",102525,68300,0.666178980736406,"warning","high_nox_emission_factor;high_nox_mass;missing_dust_tsp;missing_sox","NOx"
"western_power",2002-07-01,"Seoincheon",5,"natural_gas",95746,63900,0.6673908048378,"warning","high_nox_emission_factor;high_nox_mass;missing_dust_tsp;missing_sox","NOx"
"western_power",2002-07-01,"Seoincheon",7,"natural_gas",103318,55100,0.533304942023655,"warning","high_nox_emission_factor;high_nox_mass;missing_dust_tsp;missing_sox","NOx"
"western_power",2002-08-01,"Seoincheon",1,"natural_gas",84557,64400,0.761616424423762,"warning","high_nox_emission_factor;high_nox_mass;missing_dust_tsp;missing_sox","NOx"
"western_power",2002-08-01,"Seoincheon",5,"natural_gas",92014,54600,0.593387962701328,"warning","high_nox_emission_factor;missing_dust_tsp;missing_sox","NOx"
"western_power",2002-09-01,"Seoincheon",1,"natural_gas",79328,31800,0.400867285195643,"warning","high_nox_emission_factor;missing_dust_tsp;missing_sox","NOx"
"western_power",2002-09-01,"Seoincheon",5,"natural_gas",94959,55700,0.586568940279489,"warning","high_nox_emission_factor;high_nox_mass;missing_dust_tsp;missing_sox","NOx"
"western_power",2002-09-01,"Seoincheon",6,"natural_gas",90065,44200,0.490756675734192,"warning","high_nox_emission_factor;missing_dust_tsp;missing_sox","NOx"
"western_power",2002-09-01,"Seoincheon",7,"natural_gas",86095,44900,0.521516928973808,"warning","high_nox_emission_factor;high_nox_mass;missing_dust_tsp;missing_sox","NOx"
"western_power",2002-10-01,"Seoincheon",1,"natural_gas",96605,88800,0.919207080378862,"warning","high_nox_emission_factor;high_nox_mass;missing_dust_tsp;missing_sox","NOx"
"western_power",2002-10-01,"Seoincheon",5,"natural_gas",106982,65400,0.611317791778056,"warning","high_nox_emission_factor;high_nox_mass;missing_dust_tsp;missing_sox","NOx"
"western_power",2002-10-01,"Seoincheon",6,"natural_gas",116517,55100,0.47289236763734,"warning","high_nox_emission_factor;missing_dust_tsp;missing_sox","NOx"
"western_power",2002-10-01,"Seoincheon",7,"natural_gas",108201,62800,0.580401290191403,"warning","high_nox_emission_factor;high_nox_mass;missing_dust_tsp;missing_sox","NOx"
"western_power",2002-11-01,"Seoincheon",1,"natural_gas",62304,33600,0.539291217257319,"warning","high_nox_emission_factor;missing_dust_tsp;missing_sox","NOx"
"western_power",2002-11-01,"Seoincheon",6,"natural_gas",110080,53300,0.484193313953488,"warning","high_nox_emission_factor;missing_dust_tsp;missing_sox","NOx"
"western_power",2002-11-01,"Seoincheon",7,"natural_gas",104918,55200,0.526125164414114,"warning","high_nox_emission_factor;high_nox_mass;missing_dust_tsp;missing_sox","NOx"
"western_power",2002-12-01,"Seoincheon",1,"natural_gas",76100,42000,0.551905387647832,"warning","high_nox_emission_factor;high_nox_mass;missing_dust_tsp;missing_sox","NOx"
"western_power",2002-12-01,"Seoincheon",4,"natural_gas",99793,98000,0.982032807912379,"warning","high_nox_emission_factor;high_nox_mass;missing_dust_tsp;missing_sox","NOx"
"western_power",2002-12-01,"Seoincheon",5,"natural_gas",12437,7600,0.611079842405725,"warning","high_nox_emission_factor;missing_dust_tsp;missing_sox","NOx"
"western_power",2002-12-01,"Seoincheon",7,"natural_gas",85985,44200,0.514043147060534,"warning","high_nox_emission_factor;high_nox_mass;missing_dust_tsp;missing_sox","NOx"
"western_power",2003-01-01,"Seoincheon",1,"natural_gas",75997,42300,0.556600918457308,"warning","high_nox_emission_factor;high_nox_mass;missing_dust_tsp;missing_sox","NOx"
"western_power",2003-01-01,"Seoincheon",5,"natural_gas",79558,55400,0.696347318937128,"warning","high_nox_emission_factor;high_nox_mass;missing_dust_tsp;missing_sox","NOx"
"western_power",2003-01-01,"Seoincheon",6,"natural_gas",82747,40800,0.493069235138434,"warning","high_nox_emission_factor;missing_dust_tsp;missing_sox","NOx"
"western_power",2003-02-01,"Seoincheon",1,"natural_gas",33043,20000,0.605271918409345,"warning","high_nox_emission_factor;missing_dust_tsp;missing_sox","NOx"
"western_power",2003-02-01,"Seoincheon",4,"natural_gas",98459,95800,0.972993834997309,"warning","high_nox_emission_factor;high_nox_mass;missing_dust_tsp;missing_sox","NOx"
"western_power",2003-02-01,"Seoincheon",5,"natural_gas",39680,23000,0.579637096774194,"warning","high_nox_emission_factor;missing_dust_tsp;missing_sox","NOx"
"western_power",2003-02-01,"Seoincheon",6,"natural_gas",28082,14900,0.53058898938822,"warning","high_nox_emission_factor;missing_dust_tsp;missing_sox","NOx"
"western_power",2003-02-01,"Seoincheon",7,"natural_gas",29839,14500,0.485941217869232,"warning","high_nox_emission_factor;missing_dust_tsp;missing_sox","NOx"
"western_power",2003-03-01,"Seoincheon",1,"natural_gas",75008,47300,0.630599402730375,"warning","high_nox_emission_factor;high_nox_mass;missing_dust_tsp;missing_sox","NOx"
"western_power",2003-03-01,"Seoincheon",5,"natural_gas",76202,46500,0.610220204194116,"warning","high_nox_emission_factor;missing_dust_tsp;missing_sox","NOx"
"western_power",2003-03-01,"Seoincheon",6,"natural_gas",66212,39500,0.59656859783725,"warning","high_nox_emission_factor;missing_dust_tsp;missing_sox","NOx"
"western_power",2003-04-01,"Seoincheon",1,"natural_gas",78277,47100,0.601709314357985,"warning","high_nox_emission_factor;high_nox_mass;missing_dust_tsp;missing_sox","NOx"
"western_power",2003-04-01,"Seoincheon",5,"natural_gas",83257,51300,0.616164406596442,"warning","high_nox_emission_factor;missing_dust_tsp;missing_sox","NOx"
"western_power",2003-04-01,"Seoincheon",6,"natural_gas",89386,47800,0.53475935828877,"warning","high_nox_emission_factor;missing_dust_tsp;missing_sox","NOx"
"western_power",2003-05-01,"Seoincheon",1,"natural_gas",78843,46900,0.59485306241518,"warning","high_nox_emission_factor;high_nox_mass;missing_dust_tsp;missing_sox","NOx"
"western_power",2003-05-01,"Seoincheon",5,"natural_gas",84799,49300,0.581374780362976,"warning","high_nox_emission_factor;missing_dust_tsp;missing_sox","NOx"
"western_power",2003-05-01,"Seoincheon",6,"natural_gas",88025,41700,0.473729054245953,"warning","high_nox_emission_factor;missing_dust_tsp;missing_sox","NOx"
"western_power",2003-05-01,"Seoincheon",7,"natural_gas",89215,46300,0.518971025051841,"warning","high_nox_emission_factor;high_nox_mass;missing_dust_tsp;missing_sox","NOx"
"western_power",2003-06-01,"Seoincheon",1,"natural_gas",79328,45800,0.577349737797499,"warning","high_nox_emission_factor;high_nox_mass;missing_dust_tsp;missing_sox","NOx"
"western_power",2003-06-01,"Seoincheon",6,"natural_gas",88480,41800,0.472423146473779,"warning","high_nox_emission_factor;missing_dust_tsp;missing_sox","NOx"
"western_power",2003-07-01,"Seoincheon",1,"natural_gas",79504,46700,0.58739182934192,"warning","high_nox_emission_factor;high_nox_mass;missing_dust_tsp;missing_sox","NOx"
"western_power",2003-08-01,"Seoincheon",1,"natural_gas",79797,46300,0.580222314122085,"warning","high_nox_emission_factor;high_nox_mass;missing_dust_tsp;missing_sox","NOx"
"western_power",2003-09-01,"Seoincheon",1,"natural_gas",56358,33000,0.585542425210263,"warning","high_nox_emission_factor;missing_dust_tsp;missing_sox","NOx"
"western_power",2003-09-01,"Seoincheon",6,"natural_gas",64764,30800,0.475572849113705,"warning","high_nox_emission_factor;missing_dust_tsp;missing_sox","NOx"
"western_power",2003-10-01,"Seoincheon",1,"natural_gas",72468,41900,0.578186233923939,"warning","high_nox_emission_factor;high_nox_mass;missing_dust_tsp;missing_sox","NOx"
"western_power",2003-10-01,"Seoincheon",5,"natural_gas",70672,41700,0.590049807561693,"warning","high_nox_emission_factor;missing_dust_tsp;missing_sox","NOx"
"western_power",2003-10-01,"Seoincheon",6,"natural_gas",86842,42700,0.491697565694019,"warning","high_nox_emission_factor;missing_dust_tsp;missing_sox","NOx"
"western_power",2003-11-01,"Seoincheon",1,"natural_gas",65209,37400,0.573540462206137,"warning","high_nox_emission_factor;high_nox_mass;missing_dust_tsp;missing_sox","NOx"
"western_power",2003-11-01,"Seoincheon",5,"natural_gas",75782,43800,0.5779736612916,"warning","high_nox_emission_factor;missing_dust_tsp;missing_sox","NOx"
"western_power",2003-11-01,"Seoincheon",6,"natural_gas",77922,40600,0.521033854367188,"warning","high_nox_emission_factor;missing_dust_tsp;missing_sox","NOx"
"western_power",2003-12-01,"Seoincheon",5,"natural_gas",94401,55900,0.592154744123473,"warning","high_nox_emission_factor;high_nox_mass;missing_dust_tsp;missing_sox","NOx"
"western_power",2003-12-01,"Seoincheon",6,"natural_gas",95167,57200,0.601048682841741,"warning","high_nox_emission_factor;missing_dust_tsp;missing_sox","NOx"
"western_power",2003-12-01,"Seoincheon",7,"natural_gas",98371,48400,0.492014923097254,"warning","high_nox_emission_factor;high_nox_mass;missing_dust_tsp;missing_sox","NOx"
"western_power",2004-01-01,"Seoincheon",5,"natural_gas",76087,44400,0.583542523689986,"warning","high_nox_emission_factor;missing_dust_tsp;missing_sox","NOx"
"western_power",2004-01-01,"Seoincheon",6,"natural_gas",106746,63000,0.590186049125963,"warning","high_nox_emission_factor;high_nox_mass;missing_dust_tsp;missing_sox","NOx"
"western_power",2004-01-01,"Seoincheon",7,"natural_gas",108222,55300,0.510986675537321,"warning","high_nox_emission_factor;high_nox_mass;missing_dust_tsp;missing_sox","NOx"
"western_power",2004-02-01,"Seoincheon",6,"natural_gas",107089,62100,0.579891492123374,"warning","high_nox_emission_factor;high_nox_mass;missing_dust_tsp;missing_sox","NOx"
"western_power",2004-03-01,"Seoincheon",6,"natural_gas",105396,57500,0.545561501385252,"warning","high_nox_emission_factor;missing_dust_tsp;missing_sox","NOx"
"western_power",2004-04-01,"Seoincheon",4,"natural_gas",52315,62500,1.19468603650961,"warning","high_nox_emission_factor;high_nox_mass;missing_dust_tsp;missing_sox","NOx"
"western_power",2004-04-01,"Seoincheon",6,"natural_gas",72243,57500,0.795924864692773,"warning","high_nox_emission_factor;missing_dust_tsp;missing_sox","NOx"
"western_power",2004-04-01,"Seoincheon",7,"natural_gas",99903,50500,0.505490325615847,"warning","high_nox_emission_factor;high_nox_mass;missing_dust_tsp;missing_sox","NOx"
"western_power",2004-05-01,"Seoincheon",7,"natural_gas",86712,43500,0.501660669803487,"warning","high_nox_emission_factor;high_nox_mass;missing_dust_tsp;missing_sox","NOx"
"western_power",2004-06-01,"Seoincheon",7,"natural_gas",101017,52000,0.514764841561321,"warning","high_nox_emission_factor;high_nox_mass;missing_dust_tsp;missing_sox","NOx"
"western_power",2004-11-01,"Seoincheon",5,"natural_gas",63066,33700,0.534360828338566,"warning","high_nox_emission_factor;missing_dust_tsp;missing_sox","NOx"
"western_power",2005-01-01,"Pyeongtaek",1,"natural_gas",105032,214800,2.04509101987966,"warning","high_nox_emission_factor;missing_dust_tsp;missing_sox","NOx"
"western_power",2005-01-01,"Seoincheon",6,"natural_gas",101491,49400,0.486742666837454,"warning","high_nox_emission_factor;missing_dust_tsp;missing_sox","NOx"
"western_power",2005-02-01,"Pyeongtaek",1,"natural_gas",45048,85800,1.90463505594033,"warning","high_nox_emission_factor;missing_dust_tsp;missing_sox","NOx"
"western_power",2005-03-01,"Pyeongtaek",1,"natural_gas",36354,77100,2.12081201518402,"warning","high_nox_emission_factor;missing_dust_tsp;missing_sox","NOx"
"western_power",2005-05-01,"Seoincheon",6,"natural_gas",59291,31600,0.532964530873151,"warning","high_nox_emission_factor;missing_dust_tsp;missing_sox","NOx"
"western_power",2005-06-01,"Pyeongtaek",1,"natural_gas",72352,102000,1.40977443609023,"warning","high_nox_emission_factor;missing_dust_tsp;missing_sox","NOx"
"western_power",2005-06-01,"Pyeongtaek",4,"oil_and_natural_gas",37102,42300,1.1401002641367,"warning","high_nox_emission_factor","NOx"
"western_power",2005-07-01,"Pyeongtaek",1,"natural_gas",75238,109000,1.44873601105824,"warning","high_nox_emission_factor;missing_dust_tsp;missing_sox","NOx"
"western_power",2005-08-01,"Pyeongtaek",1,"oil_and_natural_gas",26355,47100,1.78713716562322,"warning","high_nox_emission_factor","NOx"
"western_power",2005-08-01,"Pyeongtaek",1,"natural_gas",53644,82800,1.54350905972709,"warning","high_nox_emission_factor;missing_dust_tsp;missing_sox","NOx"
"western_power",2005-09-01,"Pyeongtaek",1,"natural_gas",93082,154800,1.66304978406137,"warning","high_nox_emission_factor;missing_dust_tsp;missing_sox","NOx"
"western_power",2005-10-01,"Pyeongtaek",1,"natural_gas",32518,54000,1.6606187342395,"warning","high_nox_emission_factor;missing_dust_tsp;missing_sox","NOx"
"western_power",2005-11-01,"Pyeongtaek",1,"natural_gas",44832,76200,1.69967880085653,"warning","high_nox_emission_factor;missing_dust_tsp;missing_sox","NOx"
"western_power",2005-11-01,"Seoincheon",5,"natural_gas",69534,40500,0.582448873932177,"warning","high_nox_emission_factor;missing_dust_tsp;missing_sox","NOx"
"western_power",2005-12-01,"Pyeongtaek",1,"natural_gas",119418,204200,1.70995997253345,"warning","high_nox_emission_factor;missing_dust_tsp;missing_sox","NOx"
"western_power",2005-12-01,"Seoincheon",5,"natural_gas",116684,69100,0.592197730622879,"warning","high_nox_emission_factor;high_nox_mass;missing_dust_tsp;missing_sox","NOx"
"western_power",2006-01-01,"Pyeongtaek",1,"natural_gas",15980,28300,1.77096370463079,"warning","high_nox_emission_factor;missing_dust_tsp;missing_sox","NOx"
"western_power",2006-01-01,"Seoincheon",5,"natural_gas",53154,29100,0.547465853933853,"warning","high_nox_emission_factor;missing_dust_tsp;missing_sox","NOx"
"western_power",2006-02-01,"Pyeongtaek",1,"natural_gas",27300,44700,1.63736263736264,"warning","high_nox_emission_factor;missing_dust_tsp;missing_sox","NOx"
"western_power",2006-02-01,"Seoincheon",5,"natural_gas",20901,13800,0.660255490167935,"warning","high_nox_emission_factor;missing_dust_tsp;missing_sox","NOx"
"western_power",2006-03-01,"Pyeongtaek",1,"natural_gas",75762,123900,1.63538449354558,"warning","high_nox_emission_factor;missing_dust_tsp;missing_sox","NOx"
"western_power",2006-04-01,"Pyeongtaek",1,"natural_gas",51938,85400,1.6442681658901,"warning","high_nox_emission_factor;missing_dust_tsp;missing_sox","NOx"
"western_power",2006-04-01,"Pyeongtaek",4,"oil_and_natural_gas",40553,46000,1.1343180529184,"warning","high_nox_emission_factor","NOx"
"western_power",2006-05-01,"Pyeongtaek",1,"natural_gas",7336,9800,1.33587786259542,"warning","high_nox_emission_factor;missing_dust_tsp;missing_sox","NOx"
"western_power",2006-06-01,"Pyeongtaek",4,"oil_and_natural_gas",28033,32200,1.14864623836193,"warning","high_nox_emission_factor","NOx"
"eastwest_power",2010-02-01,"Honam",1,"coal",161600.228,279040.1467,1.72673114483477,"warning","high_nox_emission_factor;high_sox_emission_factor","NOx"
"eastwest_power",2010-03-01,"Honam",1,"coal",178639.057,312734.1745,1.75064837304868,"warning","high_nox_emission_factor;high_sox_emission_factor;high_sox_mass","NOx"
"eastwest_power",2010-04-01,"Honam",1,"coal",32017.692,69944.9581,2.18457214530017,"warning","high_nox_emission_factor;high_sox_emission_factor","NOx"
"eastwest_power",2010-04-01,"Ulsan",2,"oil",7309.123,14064.6616,1.92426117333092,"warning","high_nox_emission_factor;high_sox_emission_factor","NOx"
"eastwest_power",2010-06-01,"Honam",2,"coal",14948.113,24150.3394,1.61561124136538,"warning","high_nox_emission_factor;high_sox_emission_factor","NOx"
"southern_power",2010-11-01,"Yeongwol",1,"natural_gas",46615,0,0,"warning","zero_nox_with_generation","NOx"
"southern_power",2010-11-01,"Yeongwol",2,"natural_gas",69716,0,0,"warning","zero_nox_with_generation","NOx"
"southern_power",2010-11-01,"Yeongwol",3,"natural_gas",71533,0,0,"warning","zero_nox_with_generation","NOx"
"western_power",2010-11-01,"Pyeongtaek",3,"oil_and_natural_gas",33,700,21.2121212121212,"warning","generation_very_low_nonzero;high_nox_emission_factor;high_sox_emission_factor;missing_dust_tsp","NOx"
"southern_power",2010-12-01,"Shin-Incheon",1,"natural_gas",13029,0,0,"warning","zero_nox_with_generation","NOx"
"southern_power",2010-12-01,"Shin-Incheon",2,"natural_gas",12418,0,0,"warning","zero_nox_with_generation","NOx"
"eastwest_power",2011-10-01,"Ulsan",2,"oil",1436.659,3121.8396,2.17298579551585,"warning","generation_very_low_nonzero;high_nox_emission_factor;high_sox_emission_factor","NOx"
"southern_power",2011-10-01,"Yeongwol",3,"natural_gas",18,0,0,"warning","generation_very_low_nonzero;zero_nox_with_generation","NOx"
"western_power",2012-03-01,"Seoincheon",2,"natural_gas",263,3000,11.4068441064639,"warning","generation_very_low_nonzero;high_nox_emission_factor;missing_dust_tsp;missing_sox","NOx"
"southern_power",2012-05-01,"Shin-Incheon",5,"natural_gas",36995,0,0,"warning","zero_nox_with_generation","NOx"
"southern_power",2012-10-01,"Busan",7,"natural_gas",652,365,0.559815950920245,"warning","generation_very_low_nonzero;high_nox_emission_factor","NOx"
"southern_power",2012-10-01,"Busan",8,"natural_gas",670,483,0.72089552238806,"warning","generation_very_low_nonzero;high_nox_emission_factor","NOx"
"western_power",2013-06-01,"Pyeongtaek",2,"natural_gas",41256,72000,1.74520069808028,"warning","high_nox_emission_factor;high_nox_mass;missing_dust_tsp;missing_sox","NOx"
"western_power",2013-07-01,"Pyeongtaek",2,"natural_gas",104888,155400,1.48158035237587,"warning","high_nox_emission_factor;high_nox_mass;missing_dust_tsp;missing_sox","NOx"
"western_power",2013-08-01,"Pyeongtaek",2,"natural_gas",103708,153500,1.48011725228526,"warning","high_nox_emission_factor;high_nox_mass;missing_dust_tsp;missing_sox","NOx"
"western_power",2013-09-01,"Pyeongtaek",2,"natural_gas",33347,13300,0.398836477044412,"warning","high_nox_emission_factor;missing_dust_tsp;missing_sox","NOx"
"western_power",2013-09-01,"Seoincheon",7,"natural_gas",1091,700,0.641613198900092,"warning","generation_very_low_nonzero;high_nox_emission_factor;missing_dust_tsp;missing_sox","NOx"
"eastwest_power",2013-10-01,"Ulsan",13,"natural_gas",57004.74,14503.116,0.25441947459106,"warning","high_nox_emission_factor","NOx"
"western_power",2013-10-01,"Pyeongtaek",2,"natural_gas",132253,48000,0.362940727242482,"warning","high_nox_emission_factor;high_nox_mass;missing_dust_tsp;missing_sox","NOx"
"eastwest_power",2013-11-01,"Ulsan",13,"natural_gas",38232.376,17593.4768,0.460172205881214,"warning","high_nox_emission_factor","NOx"
"eastwest_power",2013-11-01,"Ulsan",14,"natural_gas",44501.791,10819.1216,0.24311654333193,"warning","high_nox_emission_factor","NOx"
"western_power",2013-11-01,"Pyeongtaek",2,"natural_gas",97491,36100,0.370290590926342,"warning","high_nox_emission_factor;missing_dust_tsp;missing_sox","NOx"
"eastwest_power",2013-12-01,"Ulsan",13,"natural_gas",40181.996,16114.988,0.401049962774373,"warning","high_nox_emission_factor","NOx"
"eastwest_power",2013-12-01,"Ulsan",14,"natural_gas",41400.528,10627.7098,0.256704692268659,"warning","high_nox_emission_factor","NOx"
"western_power",2013-12-01,"Pyeongtaek",2,"natural_gas",69299,23800,0.343439299268388,"warning","high_nox_emission_factor;missing_dust_tsp;missing_sox","NOx"
"eastwest_power",2014-01-01,"Ulsan",13,"natural_gas",35073.805,15590.1748,0.444496250121708,"warning","high_nox_emission_factor","NOx"
"eastwest_power",2014-01-01,"Ulsan",14,"natural_gas",30886.848,8248.5267,0.267056279099764,"warning","high_nox_emission_factor","NOx"
"western_power",2014-01-01,"Pyeongtaek",2,"natural_gas",33195,11800,0.355475222172014,"warning","high_nox_emission_factor;missing_dust_tsp;missing_sox","NOx"
"eastwest_power",2014-02-01,"Ulsan",14,"natural_gas",13724.715,4366.0537,0.318116164889398,"warning","high_nox_emission_factor","NOx"
"western_power",2014-02-01,"Pyeongtaek",2,"natural_gas",13597,4800,0.353019048319482,"warning","high_nox_emission_factor;missing_dust_tsp;missing_sox","NOx"
"western_power",2014-03-01,"Pyeongtaek",2,"natural_gas",31559,10300,0.326372825501442,"warning","high_nox_emission_factor;missing_dust_tsp;missing_sox","NOx"
"western_power",2014-04-01,"Pyeongtaek",2,"oil_and_natural_gas",4443,8900,2.00315102408283,"warning","high_dust_tsp_emission_factor;high_nox_emission_factor","NOx"
"eastwest_power",2014-05-01,"Ulsan",9,"natural_gas",2.837,0,0,"warning","generation_very_low_nonzero;zero_nox_with_generation","NOx"
"southern_power",2014-05-01,"Andong",,"natural_gas",208179.333,0,0,"warning","zero_nox_with_generation","NOx"
"southern_power",2014-05-01,"Shin-Incheon",1,"natural_gas",279,1394,4.99641577060932,"warning","generation_very_low_nonzero;high_nox_emission_factor","NOx"
"eastwest_power",2014-06-01,"Honam",2,"coal",23.961,1791.1989,74.7547639914862,"warning","generation_very_low_nonzero;high_dust_tsp_emission_factor;high_nox_emission_factor;high_sox_emission_factor","NOx"
"eastwest_power",2014-06-01,"Ulsan",8,"natural_gas",3234.843,22257.1572,6.88044433686581,"warning","high_nox_emission_factor","NOx"
"eastwest_power",2014-08-01,"Ulsan",5,"oil",1946.624,3267.8195,1.67871119435494,"warning","generation_very_low_nonzero;high_nox_emission_factor","NOx"
"eastwest_power",2014-08-01,"Ulsan",8,"natural_gas",126.061,0,0,"warning","generation_very_low_nonzero;zero_nox_with_generation","NOx"
"eastwest_power",2014-10-01,"Ulsan",7,"natural_gas",195.365,0,0,"warning","generation_very_low_nonzero;zero_nox_with_generation","NOx"
"eastwest_power",2014-10-01,"Ulsan",8,"natural_gas",422.65,0,0,"warning","generation_very_low_nonzero;zero_nox_with_generation","NOx"
"eastwest_power",2014-11-01,"Dangjin",1,"coal",5.406,84.0236,15.5426563078061,"warning","generation_very_low_nonzero;high_dust_tsp_emission_factor;high_nox_emission_factor","NOx"
"eastwest_power",2014-11-01,"Ulsan",7,"natural_gas",115.504,0,0,"warning","generation_very_low_nonzero;zero_nox_with_generation","NOx"
"southern_power",2014-11-01,"Busan",1,"natural_gas",462,732,1.58441558441558,"warning","generation_very_low_nonzero;high_nox_emission_factor","NOx"
"eastwest_power",2015-01-01,"Ulsan",6,"oil",5022.947,10549.1664,2.10019464668849,"warning","high_nox_emission_factor","NOx"
"eastwest_power",2015-03-01,"Ulsan",11,"natural_gas",1837.131,29710.7767,16.1723778543827,"warning","high_nox_emission_factor","NOx"
"eastwest_power",2015-06-01,"Ulsan",9,"natural_gas",653.23,0,0,"warning","generation_very_low_nonzero;zero_nox_with_generation","NOx"
"eastwest_power",2015-06-01,"Ulsan",10,"natural_gas",213.132,0,0,"warning","generation_very_low_nonzero;zero_nox_with_generation","NOx"
"southern_power",2015-06-01,"Shin-Incheon",6,"natural_gas",2006,2267,1.13010967098704,"warning","high_nox_emission_factor","NOx"
"eastwest_power",2015-07-01,"Ilsan",5,"natural_gas",160.784,0,0,"warning","generation_very_low_nonzero;zero_nox_with_generation","NOx"
"western_power",2015-07-01,"Taean",,"coal",1260,2100,1.66666666666667,"warning","generation_very_low_nonzero;high_nox_emission_factor;high_sox_emission_factor;missing_dust_tsp","NOx"
"western_power",2015-08-01,"Taean",,"coal",563,600,1.06571936056838,"warning","generation_very_low_nonzero;high_nox_emission_factor;missing_dust_tsp;missing_sox","NOx"
"eastwest_power",2015-09-01,"Ilsan",2,"natural_gas",301.653,0,0,"warning","generation_very_low_nonzero;zero_nox_with_generation","NOx"
"eastwest_power",2015-09-01,"Ulsan",7,"natural_gas",4.184,0,0,"warning","generation_very_low_nonzero;zero_nox_with_generation","NOx"
"eastwest_power",2015-09-01,"Ulsan",8,"natural_gas",3.739,0,0,"warning","generation_very_low_nonzero;zero_nox_with_generation","NOx"
"western_power",2015-09-01,"Taean",,"coal",467,600,1.2847965738758,"warning","generation_very_low_nonzero;high_nox_emission_factor;high_sox_emission_factor;missing_dust_tsp","NOx"
"eastwest_power",2015-10-01,"Ulsan",8,"natural_gas",1.67,0,0,"warning","generation_very_low_nonzero;zero_nox_with_generation","NOx"
"western_power",2015-10-01,"Seoincheon",2,"natural_gas",355,400,1.12676056338028,"warning","generation_very_low_nonzero;high_nox_emission_factor;missing_dust_tsp;missing_sox","NOx"
"southern_power",2015-11-01,"Busan",5,"natural_gas",628,1322,2.10509554140127,"warning","generation_very_low_nonzero;high_nox_emission_factor","NOx"
"southern_power",2015-11-01,"Busan",6,"natural_gas",540,925,1.71296296296296,"warning","generation_very_low_nonzero;high_nox_emission_factor","NOx"
"southern_power",2015-11-01,"Shin-Incheon",1,"natural_gas",22451,13372,0.595608213442608,"warning","high_nox_emission_factor","NOx"
"southern_power",2015-12-01,"Shin-Incheon",6,"natural_gas",134,140,1.04477611940298,"warning","generation_very_low_nonzero;high_nox_emission_factor","NOx"
"eastwest_power",2016-01-01,"Ulsan",9,"natural_gas",249.908,0,0,"warning","generation_very_low_nonzero;zero_nox_with_generation","NOx"
"western_power",2016-01-01,"Seoincheon",1,"natural_gas",5738,1900,0.33112582781457,"warning","high_nox_emission_factor;missing_dust_tsp;missing_sox","NOx"
"western_power",2016-01-01,"Taean",,"coal",116,200,1.72413793103448,"warning","generation_very_low_nonzero;high_nox_emission_factor;missing_dust_tsp;missing_sox","NOx"
"southern_power",2016-02-01,"Shin-Incheon",3,"natural_gas",5923,3843,0.648826608137768,"warning","high_nox_emission_factor","NOx"
"western_power",2016-02-01,"Seoincheon",1,"natural_gas",222,300,1.35135135135135,"warning","generation_very_low_nonzero;high_nox_emission_factor;missing_dust_tsp;missing_sox","NOx"
"western_power",2016-02-01,"Seoincheon",3,"natural_gas",310,400,1.29032258064516,"warning","generation_very_low_nonzero;high_nox_emission_factor;missing_dust_tsp;missing_sox","NOx"
"western_power",2016-02-01,"Taean",,"coal",97,100,1.03092783505155,"warning","generation_very_low_nonzero;high_nox_emission_factor;missing_dust_tsp;missing_sox","NOx"
"eastwest_power",2016-03-01,"Dangjin",2,"coal",1.614,0,0,"warning","generation_very_low_nonzero;zero_dust_tsp_coal_generation;zero_nox_with_generation;zero_sox_coal_generation","NOx"
"southern_power",2016-04-01,"Busan",5,"natural_gas",1798,1180,0.656284760845384,"warning","high_nox_emission_factor","NOx"
"southern_power",2016-04-01,"Busan",6,"natural_gas",1440,1200,0.833333333333333,"warning","high_nox_emission_factor","NOx"
"eastwest_power",2016-06-01,"Ulsan",7,"natural_gas",396.306,0,0,"warning","generation_very_low_nonzero;zero_nox_with_generation","NOx"
"southern_power",2016-06-01,"Busan",8,"natural_gas",190,492,2.58947368421053,"warning","generation_very_low_nonzero;high_nox_emission_factor","NOx"
"eastwest_power",2016-10-01,"Dangjin",7,"coal",1.241,72.5112,58.4296535052377,"warning","generation_very_low_nonzero;high_dust_tsp_emission_factor;high_nox_emission_factor;high_sox_emission_factor","NOx"
"eastwest_power",2016-11-01,"Dangjin",7,"coal",169.25,892.3193,5.27219675036928,"warning","generation_very_low_nonzero;high_dust_tsp_emission_factor;high_nox_emission_factor;high_sox_emission_factor","NOx"
"eastwest_power",2016-11-01,"Ulsan",9,"natural_gas",11.372,0,0,"warning","generation_very_low_nonzero;zero_nox_with_generation","NOx"
"eastwest_power",2016-11-01,"Ulsan",10,"natural_gas",645.669,0,0,"warning","generation_very_low_nonzero;zero_nox_with_generation","NOx"
"eastwest_power",2016-11-01,"Ulsan",11,"natural_gas",10250.247,0,0,"warning","zero_nox_with_generation","NOx"
"eastwest_power",2016-11-01,"Ulsan",12,"natural_gas",5454.787,0,0,"warning","zero_nox_with_generation","NOx"
"southern_power",2016-11-01,"Yeongwol",1,"natural_gas",4620,14166,3.06623376623377,"warning","high_nox_emission_factor","NOx"
"southern_power",2016-11-01,"Yeongwol",2,"natural_gas",2635,10933,4.14914611005693,"warning","high_nox_emission_factor","NOx"
"southern_power",2016-11-01,"Yeongwol",3,"natural_gas",3141,11607,3.69531996179561,"warning","high_nox_emission_factor","NOx"
"eastwest_power",2016-12-01,"Ulsan",8,"natural_gas",219.394,0,0,"warning","generation_very_low_nonzero;zero_nox_with_generation","NOx"
"eastwest_power",2016-12-01,"Ulsan",9,"natural_gas",2027.793,0,0,"warning","zero_nox_with_generation","NOx"
"eastwest_power",2016-12-01,"Ulsan",10,"natural_gas",933.58,0,0,"warning","generation_very_low_nonzero;zero_nox_with_generation","NOx"
"eastwest_power",2016-12-01,"Ulsan",11,"natural_gas",369.079,0,0,"warning","generation_very_low_nonzero;zero_nox_with_generation","NOx"
"eastwest_power",2016-12-01,"Ulsan",12,"natural_gas",306.098,0,0,"warning","generation_very_low_nonzero;zero_nox_with_generation","NOx"
"eastwest_power",2017-01-01,"Ulsan",9,"natural_gas",750.198,0,0,"warning","generation_very_low_nonzero;zero_nox_with_generation","NOx"
"eastwest_power",2017-01-01,"Ulsan",10,"natural_gas",1308.226,0,0,"warning","zero_nox_with_generation","NOx"
"eastwest_power",2017-01-01,"Ulsan",11,"natural_gas",755.866,0,0,"warning","generation_very_low_nonzero;zero_nox_with_generation","NOx"
"eastwest_power",2017-01-01,"Ulsan",12,"natural_gas",962.893,0,0,"warning","generation_very_low_nonzero;zero_nox_with_generation","NOx"
"western_power",2017-01-01,"Taean",9,"coal",729921,234500,0.32126764403271,"warning","high_nox_emission_factor;high_nox_mass;high_sox_emission_factor;high_sox_mass","NOx"
"eastwest_power",2017-02-01,"Ulsan",11,"natural_gas",14.855,0,0,"warning","generation_very_low_nonzero;zero_nox_with_generation","NOx"
"southern_power",2017-02-01,"Shin-Incheon",6,"natural_gas",1646,1280,0.777642770352369,"warning","high_nox_emission_factor","NOx"
"western_power",2017-02-01,"Seoincheon",4,"natural_gas",1407,1700,1.20824449182658,"warning","generation_very_low_nonzero;high_nox_emission_factor;missing_dust_tsp;missing_sox","NOx"
"western_power",2017-02-01,"Seoincheon",6,"natural_gas",2319,1200,0.517464424320828,"warning","high_nox_emission_factor;missing_dust_tsp;missing_sox","NOx"
"western_power",2017-02-01,"Taean",9,"coal",684722,211400,0.308738436913083,"warning","high_nox_emission_factor;high_nox_mass;high_sox_emission_factor;high_sox_mass","NOx"
"eastwest_power",2017-03-01,"Ulsan",7,"natural_gas",152.64,0,0,"warning","generation_very_low_nonzero;zero_nox_with_generation","NOx"
"eastwest_power",2017-03-01,"Ulsan",8,"natural_gas",45.494,0,0,"warning","generation_very_low_nonzero;zero_nox_with_generation","NOx"
"western_power",2017-03-01,"Seoincheon",4,"natural_gas",268,300,1.11940298507463,"warning","generation_very_low_nonzero;high_nox_emission_factor;missing_dust_tsp;missing_sox","NOx"
"western_power",2017-03-01,"Seoincheon",7,"natural_gas",180,400,2.22222222222222,"warning","generation_very_low_nonzero;high_nox_emission_factor;missing_dust_tsp;missing_sox","NOx"
"western_power",2017-03-01,"Taean",9,"coal",694927,222300,0.319889715034817,"warning","high_nox_emission_factor;high_nox_mass;high_sox_emission_factor;high_sox_mass","NOx"
"southern_power",2017-04-01,"Shin-Incheon",3,"natural_gas",1289,920,0.713731574864236,"warning","high_nox_emission_factor","NOx"
"southern_power",2017-04-01,"Shin-Incheon",4,"natural_gas",672,474,0.705357142857143,"warning","generation_very_low_nonzero;high_nox_emission_factor","NOx"
"western_power",2017-04-01,"Taean",9,"coal",690001,225400,0.326666193237401,"warning","high_nox_emission_factor;high_nox_mass;high_sox_emission_factor;high_sox_mass","NOx"
"southern_power",2017-05-01,"Busan",5,"natural_gas",8042,7864,0.977866202437205,"warning","high_nox_emission_factor","NOx"
"southern_power",2017-05-01,"Busan",6,"natural_gas",5271,5040,0.956175298804781,"warning","high_nox_emission_factor","NOx"
"southern_power",2017-05-01,"Busan",7,"natural_gas",2856,2853,0.998949579831933,"warning","high_nox_emission_factor","NOx"
"southern_power",2017-05-01,"Busan",8,"natural_gas",3968,2533,0.63835685483871,"warning","high_nox_emission_factor","NOx"
"western_power",2017-05-01,"Taean",9,"coal",747394,240700,0.322052357926341,"warning","high_dust_tsp_mass;high_nox_emission_factor;high_nox_mass;high_sox_emission_factor;high_sox_mass","NOx"
"southern_power",2017-06-01,"Samcheok",2,"coal",533021.057532,0,0,"warning","zero_dust_tsp_coal_generation;zero_nox_with_generation;zero_sox_coal_generation","NOx"
"western_power",2017-06-01,"Taean",9,"coal",646502,196000,0.303169982459451,"warning","high_nox_emission_factor;high_nox_mass;high_sox_emission_factor;high_sox_mass","NOx"
"southern_power",2017-07-01,"Samcheok",2,"coal",219399.4659,0,0,"warning","zero_dust_tsp_coal_generation;zero_nox_with_generation;zero_sox_coal_generation","NOx"
"western_power",2017-07-01,"Taean",9,"coal",743351,187100,0.251698053813071,"warning","high_nox_emission_factor;high_nox_mass","NOx"
"southern_power",2017-08-01,"Samcheok",2,"coal",426002.4279,0,0,"warning","zero_dust_tsp_coal_generation;zero_nox_with_generation;zero_sox_coal_generation","NOx"
"western_power",2017-08-01,"Taean",9,"coal",749933,208200,0.277624801148903,"warning","high_nox_emission_factor;high_nox_mass;high_sox_emission_factor;high_sox_mass","NOx"
"western_power",2017-08-01,"Taean",10,"coal",401259,76200,0.189902282565625,"warning","high_nox_emission_factor","NOx"
"southern_power",2017-09-01,"Busan",3,"natural_gas",6787,4003,0.589804037129807,"warning","high_nox_emission_factor","NOx"
"southern_power",2017-09-01,"Shin-Incheon",5,"natural_gas",105,333,3.17142857142857,"warning","generation_very_low_nonzero;high_nox_emission_factor","NOx"
"western_power",2017-09-01,"Seoincheon",5,"natural_gas",363,300,0.826446280991736,"warning","generation_very_low_nonzero;high_nox_emission_factor;missing_dust_tsp;missing_sox","NOx"
"western_power",2017-09-01,"Taean",9,"coal",725428,192900,0.26591198575186,"warning","high_nox_emission_factor;high_nox_mass;high_sox_emission_factor;high_sox_mass","NOx"
"western_power",2017-09-01,"Taean",10,"coal",597086,119000,0.199301273183428,"warning","high_nox_emission_factor;high_nox_mass","NOx"
"southern_power",2017-10-01,"Busan",2,"natural_gas",756,575,0.760582010582011,"warning","generation_very_low_nonzero;high_nox_emission_factor","NOx"
"western_power",2017-10-01,"Seoincheon",7,"natural_gas",199,300,1.50753768844221,"warning","generation_very_low_nonzero;high_nox_emission_factor;missing_dust_tsp;missing_sox","NOx"
"western_power",2017-10-01,"Taean",9,"coal",276330,65300,0.236311656352911,"warning","high_nox_emission_factor;high_sox_emission_factor","NOx"
"western_power",2017-11-01,"Taean",10,"coal",722789,148000,0.204762385703158,"warning","high_nox_emission_factor;high_nox_mass","NOx"
"western_power",2017-12-01,"Taean",10,"coal",661086,147200,0.222663919671571,"warning","high_nox_emission_factor;high_nox_mass;high_sox_mass","NOx"
"southern_power",2018-01-01,"Shin-Incheon",5,"natural_gas",2683,2538,0.94595601938129,"warning","high_nox_emission_factor","NOx"
"western_power",2018-01-01,"Seoincheon",3,"natural_gas",672,700,1.04166666666667,"warning","generation_very_low_nonzero;high_nox_emission_factor;missing_dust_tsp;missing_sox","NOx"
"western_power",2018-01-01,"Seoincheon",7,"natural_gas",2785,1400,0.502692998204668,"warning","high_nox_emission_factor;missing_dust_tsp;missing_sox","NOx"
"western_power",2018-01-01,"Taean",10,"coal",662238,128300,0.193736994856834,"warning","high_nox_emission_factor;high_nox_mass","NOx"
"western_power",2018-02-01,"Seoincheon",7,"natural_gas",223,400,1.79372197309417,"warning","generation_very_low_nonzero;high_nox_emission_factor;missing_dust_tsp;missing_sox","NOx"
"southern_power",2018-03-01,"Shin-Incheon",3,"natural_gas",2844,2749,0.966596343178622,"warning","high_nox_emission_factor","NOx"
"western_power",2018-03-01,"Seoincheon",3,"natural_gas",488,500,1.02459016393443,"warning","generation_very_low_nonzero;high_nox_emission_factor;missing_dust_tsp;missing_sox","NOx"
"western_power",2018-03-01,"Seoincheon",7,"natural_gas",571,500,0.875656742556918,"warning","generation_very_low_nonzero;high_nox_emission_factor;missing_dust_tsp;missing_sox","NOx"
"southern_power",2018-04-01,"Shin-Incheon",5,"natural_gas",1757,1592,0.906089926010245,"warning","high_nox_emission_factor","NOx"
"western_power",2018-05-01,"Pyeongtaek",4,"oil_and_natural_gas",1580,2800,1.77215189873418,"warning","generation_very_low_nonzero;high_dust_tsp_emission_factor;high_nox_emission_factor","NOx"
"eastwest_power",2018-07-01,"Honam",1,"coal",21.256,4455.258,209.600018818216,"warning","generation_very_low_nonzero;high_dust_tsp_emission_factor;high_nox_emission_factor;high_sox_emission_factor","NOx"
"southern_power",2018-07-01,"Busan",5,"natural_gas",515,1043,2.0252427184466,"warning","generation_very_low_nonzero;high_nox_emission_factor","NOx"
"southern_power",2018-07-01,"Busan",6,"natural_gas",507,791,1.56015779092702,"warning","generation_very_low_nonzero;high_nox_emission_factor","NOx"
"western_power",2018-07-01,"Taean",,"coal",189,300,1.58730158730159,"warning","generation_very_low_nonzero;high_nox_emission_factor;missing_dust_tsp;missing_sox","NOx"
"eastwest_power",2018-09-01,"Dangjin",10,"coal",28.572,43.147,1.51011479770405,"warning","generation_very_low_nonzero;high_dust_tsp_emission_factor;high_nox_emission_factor","NOx"
"southern_power",2018-10-01,"Samcheok",1,"coal",1988.15943,3994,2.00889322039933,"warning","generation_very_low_nonzero;high_dust_tsp_emission_factor;high_nox_emission_factor;high_sox_emission_factor","NOx"
"western_power",2018-10-01,"Seoincheon",8,"natural_gas",245,400,1.63265306122449,"warning","generation_very_low_nonzero;high_nox_emission_factor;missing_dust_tsp;missing_sox","NOx"
"southern_power",2018-11-01,"Busan",3,"natural_gas",1494,1571,1.05153949129853,"warning","high_nox_emission_factor","NOx"
"southern_power",2018-11-01,"Busan",4,"natural_gas",2107,1845,0.875652586616042,"warning","high_nox_emission_factor","NOx"
"western_power",2018-11-01,"Taean",10,"coal",4,1400,350,"warning","generation_very_low_nonzero;high_dust_tsp_emission_factor;high_nox_emission_factor;high_sox_emission_factor","NOx"
"southern_power",2018-12-01,"Busan",1,"natural_gas",2334,3432,1.47043701799486,"warning","high_nox_emission_factor","NOx"
"southern_power",2018-12-01,"Busan",2,"natural_gas",2083,3488,1.6745079212674,"warning","high_nox_emission_factor","NOx"
"western_power",2018-12-01,"Seoincheon",2,"natural_gas",291,500,1.71821305841924,"warning","generation_very_low_nonzero;high_nox_emission_factor;missing_dust_tsp;missing_sox","NOx"
"southern_power",2019-01-01,"Shin-Incheon",5,"natural_gas",89,361,4.0561797752809,"warning","generation_very_low_nonzero;high_nox_emission_factor","NOx"
"southern_power",2019-01-01,"Shin-Incheon",7,"natural_gas",537,681,1.26815642458101,"warning","generation_very_low_nonzero;high_nox_emission_factor","NOx"
"southern_power",2019-01-01,"Shin-Incheon",8,"natural_gas",291,965,3.31615120274914,"warning","generation_very_low_nonzero;high_nox_emission_factor","NOx"
"southern_power",2019-02-01,"Shin-Incheon",5,"natural_gas",694,788,1.13544668587896,"warning","generation_very_low_nonzero;high_nox_emission_factor","NOx"
"southern_power",2019-02-01,"Shin-Incheon",6,"natural_gas",693,701,1.01154401154401,"warning","generation_very_low_nonzero;high_nox_emission_factor","NOx"
"western_power",2019-02-01,"Seoincheon",3,"natural_gas",198,300,1.51515151515152,"warning","generation_very_low_nonzero;high_nox_emission_factor;missing_dust_tsp;missing_sox","NOx"
"western_power",2019-03-01,"Seoincheon",6,"natural_gas",334,500,1.49700598802395,"warning","generation_very_low_nonzero;high_nox_emission_factor;missing_dust_tsp;missing_sox","NOx"
"southern_power",2019-04-01,"Samcheok",2,"coal",22752.993,0,0,"warning","zero_dust_tsp_coal_generation;zero_nox_with_generation;zero_sox_coal_generation","NOx"
"western_power",2019-04-01,"Seoincheon",4,"natural_gas",561,700,1.24777183600713,"warning","generation_very_low_nonzero;high_nox_emission_factor;missing_dust_tsp;missing_sox","NOx"
"eastwest_power",2019-05-01,"Ilsan",4,"natural_gas",239.84,878.598,3.66326717811875,"warning","generation_very_low_nonzero;high_nox_emission_factor","NOx"
"western_power",2019-05-01,"Seoincheon",2,"natural_gas",216,400,1.85185185185185,"warning","generation_very_low_nonzero;high_nox_emission_factor;missing_dust_tsp;missing_sox","NOx"
"western_power",2019-06-01,"Seoincheon",7,"natural_gas",556,300,0.539568345323741,"warning","generation_very_low_nonzero;high_nox_emission_factor;missing_dust_tsp;missing_sox","NOx"
"western_power",2019-09-01,"Seoincheon",2,"natural_gas",555,1400,2.52252252252252,"warning","generation_very_low_nonzero;high_nox_emission_factor;missing_dust_tsp;missing_sox","NOx"
"eastwest_power",2019-10-01,"Ilsan",6,"natural_gas",0.395,0,0,"warning","generation_very_low_nonzero;zero_nox_with_generation","NOx"
"southern_power",2019-11-01,"Shin-Incheon",3,"natural_gas",8650.061,6178,0.714214616521201,"warning","high_nox_emission_factor","NOx"
"southern_power",2019-11-01,"Shin-Incheon",4,"natural_gas",9771.812,7334,0.750526105086754,"warning","high_nox_emission_factor","NOx"
"southern_power",2019-11-01,"Shin-Incheon",7,"natural_gas",1435.858,2466,1.71744002540641,"warning","high_nox_emission_factor","NOx"
"southern_power",2019-11-01,"Shin-Incheon",8,"natural_gas",3767.27,6016,1.59691235297709,"warning","high_nox_emission_factor","NOx"
"western_power",2020-01-01,"Seoincheon",2,"natural_gas",807,1100,1.36307311028501,"warning","generation_very_low_nonzero;high_nox_emission_factor;missing_dust_tsp;missing_sox","NOx"
"western_power",2020-01-01,"Seoincheon",8,"natural_gas",1124,1100,0.97864768683274,"warning","generation_very_low_nonzero;high_nox_emission_factor;missing_dust_tsp;missing_sox","NOx"
"southern_power",2020-02-01,"Shin-Incheon",8,"natural_gas",1620,2096,1.29382716049383,"warning","high_nox_emission_factor","NOx"
"southern_power",2020-03-01,"Shin-Incheon",3,"natural_gas",926,855,0.923326133909287,"warning","generation_very_low_nonzero;high_nox_emission_factor","NOx"
"southern_power",2020-03-01,"Shin-Incheon",4,"natural_gas",838,593,0.70763723150358,"warning","generation_very_low_nonzero;high_nox_emission_factor","NOx"
"southern_power",2020-04-01,"Shin-Incheon",3,"natural_gas",47,0,0,"warning","generation_very_low_nonzero;zero_nox_with_generation","NOx"
"southern_power",2020-04-01,"Shin-Incheon",4,"natural_gas",48,0,0,"warning","generation_very_low_nonzero;zero_nox_with_generation","NOx"
"southern_power",2020-04-01,"Shin-Incheon",6,"natural_gas",813,642,0.789667896678967,"warning","generation_very_low_nonzero;high_nox_emission_factor","NOx"
"southern_power",2020-04-01,"Shin-Incheon",7,"natural_gas",90,0,0,"warning","generation_very_low_nonzero;zero_nox_with_generation","NOx"
"southern_power",2020-04-01,"Shin-Incheon",8,"natural_gas",89,0,0,"warning","generation_very_low_nonzero;zero_nox_with_generation","NOx"
"western_power",2020-05-01,"Seoincheon",6,"natural_gas",1804,1700,0.942350332594235,"warning","high_nox_emission_factor;missing_dust_tsp;missing_sox","NOx"
"western_power",2020-05-01,"Seoincheon",7,"natural_gas",495,300,0.606060606060606,"warning","generation_very_low_nonzero;high_nox_emission_factor;missing_dust_tsp;missing_sox","NOx"
"western_power",2020-05-01,"Taean",9,"coal",690,1200,1.73913043478261,"warning","generation_very_low_nonzero;high_dust_tsp_emission_factor;high_nox_emission_factor;zero_sox_coal_generation","NOx"
"southern_power",2020-06-01,"Busan",5,"natural_gas",100,607,6.07,"warning","generation_very_low_nonzero;high_nox_emission_factor","NOx"
"southern_power",2020-06-01,"Busan",6,"natural_gas",92,729,7.92391304347826,"warning","generation_very_low_nonzero;high_nox_emission_factor","NOx"
"southeast_power",2020-07-01,"Bundang",7,"natural_gas",4048,2084.929510266,0.515051756488636,"warning","high_nox_emission_factor;missing_dust_tsp;missing_sox","NOx"
"southeast_power",2020-07-01,"Yeongheung",4,"coal",92419.39,14737.4814721577,0.159463089641229,"warning","high_nox_emission_factor","NOx"
"southern_power",2020-07-01,"Hallim",,"natural_gas",35567.6,0,0,"warning","zero_nox_with_generation","NOx"
"southern_power",2020-07-01,"Namjeju Combined",,"natural_gas",2317.785863,453,0.195445147557188,"warning","high_dust_tsp_emission_factor;high_nox_emission_factor;high_sox_emission_factor","NOx"
"western_power",2020-07-01,"Seoincheon",7,"natural_gas",1127,600,0.532386867790595,"warning","generation_very_low_nonzero;high_nox_emission_factor;missing_dust_tsp;missing_sox","NOx"
"western_power",2020-07-01,"Seoincheon",8,"natural_gas",322,300,0.93167701863354,"warning","generation_very_low_nonzero;high_nox_emission_factor;missing_dust_tsp;missing_sox","NOx"
"southeast_power",2020-08-01,"Bundang",7,"natural_gas",5962,2371.427935614,0.39775711768098,"warning","high_nox_emission_factor;missing_dust_tsp;missing_sox","NOx"
"southern_power",2020-08-01,"Hallim",,"natural_gas",50923.6,0,0,"warning","zero_nox_with_generation","NOx"
"southern_power",2020-08-01,"Namjeju Combined",,"natural_gas",2197.341745,3788,1.72390116768113,"warning","high_dust_tsp_emission_factor;high_nox_emission_factor;high_sox_emission_factor","NOx"
"southeast_power",2020-09-01,"Bundang",3,"natural_gas",162,90.2935587394286,0.557367646539683,"warning","generation_very_low_nonzero;high_nox_emission_factor;missing_dust_tsp;missing_sox","NOx"
"southeast_power",2020-09-01,"Bundang",7,"natural_gas",1971,847.914394073143,0.430195024897586,"warning","high_nox_emission_factor;missing_dust_tsp;missing_sox","NOx"
"southern_power",2020-09-01,"Hadong",1,"coal",9220.82378,37607,4.07848592460575,"warning","high_dust_tsp_emission_factor;high_nox_emission_factor;high_sox_emission_factor","NOx"
"southern_power",2020-09-01,"Hadong",2,"coal",476,43018,90.3739495798319,"warning","generation_very_low_nonzero;high_dust_tsp_emission_factor;high_nox_emission_factor;high_sox_emission_factor","NOx"
"southern_power",2020-09-01,"Namjeju Steam",1,"bio_oil_and_diesel",1330.4,2831,2.12793144918821,"warning","high_dust_tsp_emission_factor;high_nox_emission_factor;high_sox_emission_factor","NOx"
"southern_power",2020-09-01,"Namjeju Steam",2,"bio_oil_and_diesel",1318.3,4044,3.0675870439202,"warning","high_dust_tsp_emission_factor;high_nox_emission_factor;high_sox_emission_factor","NOx"
"southern_power",2020-10-01,"Hallim",,"natural_gas",27780.1,0,0,"warning","zero_nox_with_generation","NOx"
"western_power",2020-10-01,"Seoincheon",8,"natural_gas",208,400,1.92307692307692,"warning","generation_very_low_nonzero;high_nox_emission_factor;missing_dust_tsp;missing_sox","NOx"
"southern_power",2020-11-01,"Hallim",,"natural_gas",41363,0,0,"warning","zero_nox_with_generation","NOx"
"southern_power",2020-12-01,"Hallim",,"natural_gas",52364.2,0,0,"warning","zero_nox_with_generation","NOx"
"southern_power",2021-01-01,"Hallim",,"natural_gas",57185.5,0,0,"warning","zero_nox_with_generation","NOx"
"southern_power",2021-01-01,"Shin-Incheon",6,"natural_gas",1329,1056,0.794582392776524,"warning","high_nox_emission_factor","NOx"
"southeast_power",2021-03-01,"Yeongheung",4,"coal",306941.26,30144.601137564,0.0982096741818418,"warning","high_nox_emission_factor","NOx"
"southeast_power",2021-04-01,"Bundang",1,"natural_gas",2300,1153.82035861714,0.501661025485714,"warning","high_nox_emission_factor;missing_dust_tsp;missing_sox","NOx"
"southern_power",2021-04-01,"Hadong",5,"coal",152.88,0,0,"warning","generation_very_low_nonzero;zero_dust_tsp_coal_generation;zero_nox_with_generation;zero_sox_coal_generation","NOx"
"southern_power",2021-05-01,"Hadong",5,"coal",275.52,0,0,"warning","generation_very_low_nonzero;zero_dust_tsp_coal_generation;zero_nox_with_generation;zero_sox_coal_generation","NOx"
"southern_power",2021-06-01,"Busan",6,"natural_gas",2168,1323,0.610239852398524,"warning","high_nox_emission_factor","NOx"
"southeast_power",2021-07-01,"Samcheonpo",5,"coal",147374,41156.7934199246,0.279267668787741,"warning","high_nox_emission_factor;high_nox_mass","NOx"
"southeast_power",2021-09-01,"Bundang",3,"natural_gas",9049,0,0,"warning","missing_dust_tsp;missing_sox;zero_nox_with_generation","NOx"
"southeast_power",2021-12-01,"Samcheonpo",6,"coal",27699,25277.5737087274,0.912580732471477,"warning","high_dust_tsp_emission_factor;high_nox_emission_factor","NOx"
"eastwest_power",2022-03-01,"Donghae",1,"coal",139.938,869.835,6.21585988080436,"warning","generation_very_low_nonzero;high_dust_tsp_emission_factor;high_nox_emission_factor;high_sox_emission_factor","NOx"
"southeast_power",2022-03-01,"Samcheonpo",4,"coal",1,2446.795258236,2446.795258236,"warning","generation_very_low_nonzero;high_nox_emission_factor;high_sox_emission_factor;missing_dust_tsp","NOx"
"southern_power",2022-04-01,"Hadong",7,"coal",37.1964,84,2.25828305965093,"warning","generation_very_low_nonzero;high_dust_tsp_emission_factor;high_nox_emission_factor","NOx"
"southeast_power",2022-05-01,"Samcheonpo",6,"coal",7764,908.588764018286,0.117025858322809,"warning","high_nox_emission_factor","NOx"
"southeast_power",2022-05-01,"Yeongheung",4,"coal",302340.11,28868.5225041814,0.0954836012468919,"warning","high_nox_emission_factor","NOx"
"southern_power",2022-05-01,"Shin-Incheon",3,"natural_gas",206,0,0,"warning","generation_very_low_nonzero;zero_nox_with_generation","NOx"
"southern_power",2022-05-01,"Shin-Incheon",7,"natural_gas",151,0,0,"warning","generation_very_low_nonzero;zero_nox_with_generation","NOx"
"southern_power",2022-07-01,"Namjeju Steam",2,"bio_oil_and_diesel",8109.4,9256,1.14139147162552,"warning","high_dust_tsp_emission_factor;high_dust_tsp_mass;high_nox_emission_factor","NOx"
"southern_power",2022-07-01,"Shin-Incheon",8,"natural_gas",2827,0,0,"warning","zero_nox_with_generation","NOx"
"southern_power",2022-10-01,"Hadong",1,"coal",392.012,0,0,"warning","generation_very_low_nonzero;zero_dust_tsp_coal_generation;zero_nox_with_generation;zero_sox_coal_generation","NOx"
"southern_power",2022-11-01,"Hadong",1,"coal",108.36,0,0,"warning","generation_very_low_nonzero;zero_dust_tsp_coal_generation;zero_nox_with_generation;zero_sox_coal_generation","NOx"
"southern_power",2022-11-01,"Shin-Incheon",1,"natural_gas",1263,598,0.47347585114806,"warning","high_nox_emission_factor","NOx"
"southern_power",2022-11-01,"Shin-Incheon",2,"natural_gas",643,488,0.758942457231726,"warning","generation_very_low_nonzero;high_nox_emission_factor","NOx"
"western_power",2023-01-01,"Taean",,"coal",58454,5947000,101.738118862695,"warning","high_dust_tsp_emission_factor;high_dust_tsp_mass;high_nox_emission_factor;high_nox_mass;high_sox_emission_factor;high_sox_mass","NOx"
"southeast_power",2023-09-01,"Samcheonpo",5,"coal",4737,5019.964022682,1.05973485807093,"warning","high_nox_emission_factor","NOx"
"southeast_power",2023-09-01,"Yeongheung",6,"coal",17,5.78327760257143,0.34019280015126,"warning","generation_very_low_nonzero;high_dust_tsp_emission_factor;high_nox_emission_factor","NOx"
"western_power",2023-10-01,"Taean",9,"coal",21016,5000,0.237913970308336,"warning","high_nox_emission_factor;zero_dust_tsp_coal_generation","NOx"
"southern_power",2023-11-01,"Andong",,"natural_gas",7125.101565,4353,0.610938659651233,"warning","high_nox_emission_factor","NOx"
"southern_power",2023-12-01,"Namjeju Combined",,"natural_gas",8923.075435,17406,1.95067273910142,"warning","high_dust_tsp_emission_factor;high_nox_emission_factor;high_sox_emission_factor","NOx"
"eastwest_power",2024-01-01,"Dangjin",9,"coal",580883.746,900,0.00154936337295966,"warning","high_dust_tsp_emission_factor;high_dust_tsp_mass;recent_shift_high_dust_tsp_mass;recent_shift_low_nox_mass","NOx"
"eastwest_power",2024-01-01,"Dangjin",10,"coal",450654.865,890,0.0019749037880685,"warning","high_dust_tsp_emission_factor;high_dust_tsp_mass;recent_shift_high_dust_tsp_mass;recent_shift_low_nox_mass","NOx"
"eastwest_power",2024-01-01,"Donghae",1,"coal",122652.874,920,0.00750084339646212,"warning","high_dust_tsp_emission_factor;high_dust_tsp_mass;recent_shift_high_dust_tsp_mass;recent_shift_low_nox_mass","NOx"
"eastwest_power",2024-01-01,"Donghae",2,"coal",135503.975,1420,0.010479397375612,"warning","high_dust_tsp_emission_factor;high_dust_tsp_mass;recent_shift_high_dust_tsp_mass;recent_shift_low_nox_mass","NOx"
"eastwest_power",2024-01-01,"Ilsan",1,"natural_gas",37496.831,0,0,"warning","high_sox_emission_factor;high_sox_mass;recent_shift_high_sox_mass;zero_nox_with_generation","NOx"
"eastwest_power",2024-01-01,"Ilsan",2,"natural_gas",67224.72,0,0,"warning","high_sox_emission_factor;high_sox_mass;recent_shift_high_sox_mass;zero_nox_with_generation","NOx"
"eastwest_power",2024-01-01,"Ilsan",3,"natural_gas",53975.837,0,0,"warning","high_sox_emission_factor;high_sox_mass;recent_shift_high_sox_mass;zero_nox_with_generation","NOx"
"eastwest_power",2024-01-01,"Ilsan",4,"natural_gas",64358.945,0,0,"warning","high_sox_emission_factor;high_sox_mass;recent_shift_high_sox_mass;zero_nox_with_generation","NOx"
"eastwest_power",2024-01-01,"Ilsan",5,"natural_gas",299.272,0,0,"warning","generation_very_low_nonzero;zero_nox_with_generation","NOx"
"eastwest_power",2024-01-01,"Ilsan",6,"natural_gas",462.227,0,0,"warning","generation_very_low_nonzero;zero_nox_with_generation","NOx"
"eastwest_power",2024-01-01,"Ulsan",7,"natural_gas",261.259,0,0,"warning","generation_very_low_nonzero;zero_nox_with_generation","NOx"
"eastwest_power",2024-01-01,"Ulsan",8,"natural_gas",350.564,0,0,"warning","generation_very_low_nonzero;zero_nox_with_generation","NOx"
"eastwest_power",2024-01-01,"Ulsan",9,"natural_gas",2428.458,0,0,"warning","high_sox_emission_factor;high_sox_mass;recent_shift_high_sox_mass;recent_shift_low_nox_mass;zero_nox_with_generation","NOx"
"eastwest_power",2024-01-01,"Ulsan",10,"natural_gas",2123.181,0,0,"warning","high_sox_emission_factor;high_sox_mass;recent_shift_high_sox_mass;zero_nox_with_generation","NOx"
"eastwest_power",2024-01-01,"Ulsan",11,"natural_gas",3813.405,0,0,"warning","recent_shift_low_nox_mass;zero_nox_with_generation","NOx"
"eastwest_power",2024-01-01,"Ulsan",12,"natural_gas",4327.768,0,0,"warning","high_sox_emission_factor;high_sox_mass;recent_shift_high_sox_mass;recent_shift_low_nox_mass;zero_nox_with_generation","NOx"
"eastwest_power",2024-01-01,"Ulsan",13,"natural_gas",124653.629,0,0,"warning","recent_shift_low_nox_mass;zero_nox_with_generation","NOx"
"eastwest_power",2024-01-01,"Ulsan",14,"natural_gas",143220.947,0,0,"warning","recent_shift_low_nox_mass;zero_nox_with_generation","NOx"
"eastwest_power",2024-02-01,"Dangjin",9,"coal",386433.089,890,0.00230311540428154,"warning","high_dust_tsp_emission_factor;high_dust_tsp_mass;recent_shift_high_dust_tsp_mass;recent_shift_low_nox_mass","NOx"
"eastwest_power",2024-02-01,"Dangjin",10,"coal",470837.203,1080,0.00229378645765169,"warning","high_dust_tsp_emission_factor;high_dust_tsp_mass;recent_shift_high_dust_tsp_mass;recent_shift_low_nox_mass","NOx"
"eastwest_power",2024-02-01,"Donghae",1,"coal",16243.084,180,0.0110816394226614,"warning","high_dust_tsp_emission_factor;high_dust_tsp_mass;recent_shift_low_nox_mass;recent_shift_low_sox_mass","NOx"
"eastwest_power",2024-02-01,"Donghae",2,"coal",122168.693,1230,0.010068045829057,"warning","high_dust_tsp_emission_factor;high_dust_tsp_mass;recent_shift_high_dust_tsp_mass;recent_shift_low_nox_mass","NOx"
"eastwest_power",2024-02-01,"Ilsan",1,"natural_gas",64.409,0,0,"warning","generation_very_low_nonzero;zero_nox_with_generation","NOx"
"eastwest_power",2024-02-01,"Ilsan",2,"natural_gas",34869.701,0,0,"warning","high_sox_emission_factor;high_sox_mass;recent_shift_high_sox_mass;zero_nox_with_generation","NOx"
"eastwest_power",2024-02-01,"Ilsan",3,"natural_gas",33080.736,0,0,"warning","high_sox_emission_factor;high_sox_mass;recent_shift_high_sox_mass;zero_nox_with_generation","NOx"
"eastwest_power",2024-02-01,"Ilsan",4,"natural_gas",15607.143,0,0,"warning","high_sox_emission_factor;high_sox_mass;recent_shift_high_sox_mass;zero_nox_with_generation","NOx"
"eastwest_power",2024-02-01,"Ilsan",5,"natural_gas",31391.939,0,0,"warning","high_sox_emission_factor;high_sox_mass;recent_shift_high_sox_mass;zero_nox_with_generation","NOx"
"eastwest_power",2024-02-01,"Ilsan",6,"natural_gas",30881.355,0,0,"warning","high_sox_emission_factor;high_sox_mass;recent_shift_high_sox_mass;zero_nox_with_generation","NOx"
"eastwest_power",2024-02-01,"Ulsan",7,"natural_gas",58.841,0,0,"warning","generation_very_low_nonzero;zero_nox_with_generation","NOx"
"eastwest_power",2024-02-01,"Ulsan",8,"natural_gas",149.43,0,0,"warning","generation_very_low_nonzero;zero_nox_with_generation","NOx"
"eastwest_power",2024-02-01,"Ulsan",9,"natural_gas",1958.54,0,0,"warning","high_sox_emission_factor;high_sox_mass;recent_shift_high_sox_mass;recent_shift_low_nox_mass;zero_nox_with_generation","NOx"
"eastwest_power",2024-02-01,"Ulsan",10,"natural_gas",1501.048,0,0,"warning","high_sox_emission_factor;high_sox_mass;recent_shift_high_sox_mass;zero_nox_with_generation","NOx"
"eastwest_power",2024-02-01,"Ulsan",11,"natural_gas",4990.324,0,0,"warning","recent_shift_low_nox_mass;zero_nox_with_generation","NOx"
"eastwest_power",2024-02-01,"Ulsan",12,"natural_gas",8863.402,0,0,"warning","high_sox_emission_factor;high_sox_mass;recent_shift_high_sox_mass;recent_shift_low_nox_mass;zero_nox_with_generation","NOx"
"eastwest_power",2024-02-01,"Ulsan",13,"natural_gas",126287.331,0,0,"warning","recent_shift_low_nox_mass;zero_nox_with_generation","NOx"
"eastwest_power",2024-02-01,"Ulsan",14,"natural_gas",90555.156,0,0,"warning","recent_shift_low_nox_mass;zero_nox_with_generation","NOx"
"eastwest_power",2024-03-01,"Dangjin",10,"coal",612784.633,1470,0.00239888522139229,"warning","high_dust_tsp_emission_factor;high_dust_tsp_mass;recent_shift_high_dust_tsp_mass;recent_shift_low_nox_mass","NOx"
"eastwest_power",2024-03-01,"Donghae",1,"coal",102658.648,960,0.0093513797298402,"warning","high_dust_tsp_emission_factor;high_dust_tsp_mass;recent_shift_high_dust_tsp_mass;recent_shift_low_nox_mass","NOx"
"eastwest_power",2024-03-01,"Donghae",2,"coal",14957.683,290,0.0193880295497638,"warning","high_dust_tsp_emission_factor;high_dust_tsp_mass;recent_shift_low_nox_mass;recent_shift_low_sox_mass","NOx"
"eastwest_power",2024-03-01,"Ilsan",1,"natural_gas",18405.099,0,0,"warning","high_sox_emission_factor;high_sox_mass;recent_shift_high_sox_mass;zero_nox_with_generation","NOx"
"eastwest_power",2024-03-01,"Ilsan",2,"natural_gas",19049.002,0,0,"warning","high_sox_emission_factor;high_sox_mass;recent_shift_high_sox_mass;zero_nox_with_generation","NOx"
"eastwest_power",2024-03-01,"Ilsan",3,"natural_gas",839.054,0,0,"warning","high_sox_emission_factor;high_sox_mass;recent_shift_high_sox_mass;zero_nox_with_generation","NOx"
"eastwest_power",2024-03-01,"Ilsan",4,"natural_gas",1016.596,0,0,"warning","high_sox_emission_factor;high_sox_mass;recent_shift_high_sox_mass;zero_nox_with_generation","NOx"
"eastwest_power",2024-03-01,"Ilsan",5,"natural_gas",29602.09,0,0,"warning","high_sox_emission_factor;high_sox_mass;recent_shift_high_sox_mass;zero_nox_with_generation","NOx"
"eastwest_power",2024-03-01,"Ilsan",6,"natural_gas",29214.197,0,0,"warning","high_sox_emission_factor;high_sox_mass;recent_shift_high_sox_mass;zero_nox_with_generation","NOx"
"eastwest_power",2024-03-01,"Ulsan",7,"natural_gas",822.693,0,0,"warning","zero_nox_with_generation","NOx"
"eastwest_power",2024-03-01,"Ulsan",8,"natural_gas",1072.273,0,0,"warning","zero_nox_with_generation","NOx"
"eastwest_power",2024-03-01,"Ulsan",9,"natural_gas",7633.856,0,0,"warning","high_sox_emission_factor;high_sox_mass;recent_shift_high_sox_mass;recent_shift_low_nox_mass;zero_nox_with_generation","NOx"
"eastwest_power",2024-03-01,"Ulsan",10,"natural_gas",8437.235,0,0,"warning","high_sox_emission_factor;high_sox_mass;recent_shift_high_sox_mass;zero_nox_with_generation","NOx"
"eastwest_power",2024-03-01,"Ulsan",11,"natural_gas",9355.777,0,0,"warning","recent_shift_low_nox_mass;zero_nox_with_generation","NOx"
"eastwest_power",2024-03-01,"Ulsan",12,"natural_gas",11272.691,0,0,"warning","high_sox_emission_factor;high_sox_mass;recent_shift_high_sox_mass;recent_shift_low_nox_mass;zero_nox_with_generation","NOx"
"eastwest_power",2024-03-01,"Ulsan",13,"natural_gas",139205.737,0,0,"warning","recent_shift_low_nox_mass;zero_nox_with_generation","NOx"
"eastwest_power",2024-03-01,"Ulsan",14,"natural_gas",97241.676,0,0,"warning","recent_shift_low_nox_mass;zero_nox_with_generation","NOx"
"southeast_power",2024-03-01,"Samcheonpo",3,"coal",34405,25037.7584310617,0.727736039269342,"warning","high_nox_emission_factor","NOx"
"eastwest_power",2024-04-01,"Dangjin",10,"coal",416808.778,920,0.00220724718038448,"warning","high_dust_tsp_emission_factor;high_dust_tsp_mass;recent_shift_high_dust_tsp_mass;recent_shift_low_nox_mass","NOx"
"eastwest_power",2024-04-01,"Donghae",1,"coal",95902.888,730,0.00761186670416015,"warning","high_dust_tsp_emission_factor;high_dust_tsp_mass;recent_shift_high_dust_tsp_mass;recent_shift_low_nox_mass","NOx"
"eastwest_power",2024-04-01,"Donghae",2,"coal",26382.07,260,0.00985517815698313,"warning","high_dust_tsp_emission_factor;high_dust_tsp_mass;recent_shift_low_nox_mass;recent_shift_low_sox_mass","NOx"
"eastwest_power",2024-04-01,"Ilsan",1,"natural_gas",641.811,0,0,"warning","generation_very_low_nonzero;zero_nox_with_generation","NOx"
"eastwest_power",2024-04-01,"Ilsan",2,"natural_gas",470.212,0,0,"warning","generation_very_low_nonzero;zero_nox_with_generation","NOx"
"eastwest_power",2024-04-01,"Ilsan",4,"natural_gas",751.318,0,0,"warning","high_sox_emission_factor;high_sox_mass;recent_shift_high_sox_mass;zero_nox_with_generation","NOx"
"eastwest_power",2024-04-01,"Ilsan",5,"natural_gas",19438.329,0,0,"warning","high_sox_emission_factor;high_sox_mass;recent_shift_high_sox_mass;zero_nox_with_generation","NOx"
"eastwest_power",2024-04-01,"Ilsan",6,"natural_gas",19086.922,0,0,"warning","high_sox_emission_factor;high_sox_mass;recent_shift_high_sox_mass;zero_nox_with_generation","NOx"
"eastwest_power",2024-04-01,"Ulsan",9,"natural_gas",8268.582,0,0,"warning","high_sox_emission_factor;high_sox_mass;recent_shift_high_sox_mass;recent_shift_low_nox_mass;zero_nox_with_generation","NOx"
"eastwest_power",2024-04-01,"Ulsan",10,"natural_gas",8739.24,0,0,"warning","high_sox_emission_factor;high_sox_mass;recent_shift_high_sox_mass;zero_nox_with_generation","NOx"
"eastwest_power",2024-04-01,"Ulsan",11,"natural_gas",16130.23,0,0,"warning","recent_shift_low_nox_mass;zero_nox_with_generation","NOx"
"eastwest_power",2024-04-01,"Ulsan",12,"natural_gas",20670.052,0,0,"warning","high_sox_emission_factor;high_sox_mass;recent_shift_high_sox_mass;recent_shift_low_nox_mass;zero_nox_with_generation","NOx"
"eastwest_power",2024-04-01,"Ulsan",13,"natural_gas",95709.94,0,0,"warning","recent_shift_low_nox_mass;zero_nox_with_generation","NOx"
"eastwest_power",2024-04-01,"Ulsan",14,"natural_gas",91355.863,0,0,"warning","recent_shift_low_nox_mass;zero_nox_with_generation","NOx"
"southern_power",2024-04-01,"Hallim",,"natural_gas",7056.9,4989,0.706967648684266,"warning","high_nox_emission_factor","NOx"
"western_power",2024-04-01,"Seoincheon",6,"natural_gas",183,0,0,"warning","generation_very_low_nonzero;missing_dust_tsp;missing_sox;zero_nox_with_generation","NOx"
"eastwest_power",2024-05-01,"Dangjin",10,"coal",603527.388,900,0.00149123307060259,"warning","high_dust_tsp_emission_factor;high_dust_tsp_mass;recent_shift_high_dust_tsp_mass;recent_shift_low_nox_mass","NOx"
"eastwest_power",2024-05-01,"Donghae",1,"coal",78276.301,570,0.0072818974928312,"warning","high_dust_tsp_emission_factor;high_dust_tsp_mass;recent_shift_high_dust_tsp_mass;recent_shift_low_nox_mass;recent_shift_low_sox_mass","NOx"
"eastwest_power",2024-05-01,"Donghae",2,"coal",105230.206,1080,0.010263212826933,"warning","high_dust_tsp_emission_factor;high_dust_tsp_mass;recent_shift_high_dust_tsp_mass;recent_shift_low_nox_mass","NOx"
"eastwest_power",2024-05-01,"Ilsan",1,"natural_gas",10610.744,0,0,"warning","high_sox_emission_factor;high_sox_mass;recent_shift_high_sox_mass;zero_nox_with_generation","NOx"
"eastwest_power",2024-05-01,"Ilsan",2,"natural_gas",9624.6,0,0,"warning","high_sox_emission_factor;high_sox_mass;recent_shift_high_sox_mass;zero_nox_with_generation","NOx"
"eastwest_power",2024-05-01,"Ilsan",3,"natural_gas",3377.384,0,0,"warning","high_sox_emission_factor;high_sox_mass;recent_shift_high_sox_mass;zero_nox_with_generation","NOx"
"eastwest_power",2024-05-01,"Ilsan",4,"natural_gas",7943.271,0,0,"warning","high_sox_emission_factor;high_sox_mass;recent_shift_high_sox_mass;zero_nox_with_generation","NOx"
"eastwest_power",2024-05-01,"Ilsan",5,"natural_gas",9785.152,0,0,"warning","high_sox_emission_factor;high_sox_mass;recent_shift_high_sox_mass;zero_nox_with_generation","NOx"
"eastwest_power",2024-05-01,"Ilsan",6,"natural_gas",10551.673,0,0,"warning","high_sox_emission_factor;high_sox_mass;recent_shift_high_sox_mass;zero_nox_with_generation","NOx"
"eastwest_power",2024-05-01,"Ulsan",8,"natural_gas",144.407,0,0,"warning","generation_very_low_nonzero;zero_nox_with_generation","NOx"
"eastwest_power",2024-05-01,"Ulsan",9,"natural_gas",3245.999,0,0,"warning","high_sox_emission_factor;high_sox_mass;recent_shift_high_sox_mass;recent_shift_low_nox_mass;zero_nox_with_generation","NOx"
"eastwest_power",2024-05-01,"Ulsan",10,"natural_gas",3440.399,0,0,"warning","high_sox_emission_factor;high_sox_mass;recent_shift_high_sox_mass;zero_nox_with_generation","NOx"
"eastwest_power",2024-05-01,"Ulsan",11,"natural_gas",4898.643,0,0,"warning","recent_shift_low_nox_mass;zero_nox_with_generation","NOx"
"eastwest_power",2024-05-01,"Ulsan",12,"natural_gas",6719.918,0,0,"warning","high_sox_emission_factor;high_sox_mass;recent_shift_high_sox_mass;recent_shift_low_nox_mass;zero_nox_with_generation","NOx"
"eastwest_power",2024-05-01,"Ulsan",13,"natural_gas",129275.855,0,0,"warning","recent_shift_low_nox_mass;zero_nox_with_generation","NOx"
"eastwest_power",2024-05-01,"Ulsan",14,"natural_gas",102800.068,0,0,"warning","recent_shift_low_nox_mass;zero_nox_with_generation","NOx"
"eastwest_power",2024-06-01,"Dangjin",9,"coal",282118.11,620,0.00219766111434675,"warning","high_dust_tsp_emission_factor;high_dust_tsp_mass;recent_shift_high_dust_tsp_mass;recent_shift_low_nox_mass","NOx"
"eastwest_power",2024-06-01,"Dangjin",10,"coal",649525.102,520,0.000800584917193855,"warning","high_dust_tsp_emission_factor;high_dust_tsp_mass;recent_shift_high_dust_tsp_mass;recent_shift_low_nox_mass","NOx"
"eastwest_power",2024-06-01,"Donghae",1,"coal",74163.672,60,0.000809021430330472,"warning","high_dust_tsp_emission_factor;recent_shift_low_nox_mass;recent_shift_low_sox_mass","NOx"
"eastwest_power",2024-06-01,"Donghae",2,"coal",120872.506,90,0.0007445862006038,"warning","high_dust_tsp_emission_factor;high_dust_tsp_mass;recent_shift_low_nox_mass;recent_shift_low_sox_mass","NOx"
"eastwest_power",2024-06-01,"Ilsan",1,"natural_gas",4619.056,0,0,"warning","high_sox_emission_factor;high_sox_mass;recent_shift_high_sox_mass;zero_nox_with_generation","NOx"
"eastwest_power",2024-06-01,"Ilsan",2,"natural_gas",6607.719,0,0,"warning","high_sox_emission_factor;high_sox_mass;recent_shift_high_sox_mass;zero_nox_with_generation","NOx"
"eastwest_power",2024-06-01,"Ilsan",3,"natural_gas",5451.313,0,0,"warning","high_sox_emission_factor;high_sox_mass;recent_shift_high_sox_mass;zero_nox_with_generation","NOx"
"eastwest_power",2024-06-01,"Ilsan",4,"natural_gas",6097.044,0,0,"warning","high_sox_emission_factor;high_sox_mass;recent_shift_high_sox_mass;zero_nox_with_generation","NOx"
"eastwest_power",2024-06-01,"Ilsan",5,"natural_gas",1639.114,0,0,"warning","high_sox_emission_factor;high_sox_mass;recent_shift_high_sox_mass;zero_nox_with_generation","NOx"
"eastwest_power",2024-06-01,"Ilsan",6,"natural_gas",8684.733,0,0,"warning","high_sox_emission_factor;high_sox_mass;recent_shift_high_sox_mass;zero_nox_with_generation","NOx"
"eastwest_power",2024-06-01,"Ulsan",7,"natural_gas",2745.597,0,0,"warning","zero_nox_with_generation","NOx"
"eastwest_power",2024-06-01,"Ulsan",8,"natural_gas",3431.852,0,0,"warning","zero_nox_with_generation","NOx"
"eastwest_power",2024-06-01,"Ulsan",9,"natural_gas",13239.058,0,0,"warning","high_sox_emission_factor;high_sox_mass;recent_shift_high_sox_mass;recent_shift_low_nox_mass;zero_nox_with_generation","NOx"
"eastwest_power",2024-06-01,"Ulsan",10,"natural_gas",13128.068,0,0,"warning","high_sox_emission_factor;high_sox_mass;recent_shift_high_sox_mass;zero_nox_with_generation","NOx"
"eastwest_power",2024-06-01,"Ulsan",11,"natural_gas",17286.748,0,0,"warning","high_sox_emission_factor;high_sox_mass;recent_shift_high_sox_mass;recent_shift_low_nox_mass;zero_nox_with_generation","NOx"
"eastwest_power",2024-06-01,"Ulsan",12,"natural_gas",22833.364,0,0,"warning","high_sox_emission_factor;high_sox_mass;recent_shift_high_sox_mass;recent_shift_low_nox_mass;zero_nox_with_generation","NOx"
"eastwest_power",2024-06-01,"Ulsan",13,"natural_gas",128405.519,0,0,"warning","recent_shift_low_nox_mass;zero_nox_with_generation","NOx"
"eastwest_power",2024-06-01,"Ulsan",14,"natural_gas",121795.114,0,0,"warning","recent_shift_low_nox_mass;zero_nox_with_generation","NOx"
"midland_power",2024-06-01,"Incheon",,"natural_gas",399935,25857.9821624107,0.0646554619185885,"warning","recent_shift_low_nox_mass","NOx"
"southeast_power",2024-06-01,"Bundang",2,"natural_gas",465,327.330047586857,0.703935586208295,"warning","generation_very_low_nonzero;high_nox_emission_factor;missing_dust_tsp;missing_sox","NOx"
"southeast_power",2024-06-01,"Samcheonpo",5,"coal",7973,2415.057117786,0.302904442215728,"warning","high_dust_tsp_emission_factor;high_nox_emission_factor;high_sox_emission_factor","NOx"
"western_power",2024-06-01,"Taean",4,"coal",207092,34000,0.16417823962297,"warning","recent_shift_low_nox_mass","NOx"
"eastwest_power",2024-07-01,"Dangjin",9,"coal",586987.189,1290,0.00219766295444652,"warning","high_dust_tsp_emission_factor;high_dust_tsp_mass;recent_shift_high_dust_tsp_mass;recent_shift_low_nox_mass","NOx"
"eastwest_power",2024-07-01,"Dangjin",10,"coal",586997.803,430,0.000732541072219311,"warning","high_dust_tsp_emission_factor;high_dust_tsp_mass;recent_shift_high_dust_tsp_mass;recent_shift_low_nox_mass","NOx"
"eastwest_power",2024-07-01,"Donghae",1,"coal",51752.953,460,0.00888838169292485,"warning","high_dust_tsp_emission_factor;high_dust_tsp_mass;recent_shift_high_dust_tsp_mass;recent_shift_low_nox_mass;recent_shift_low_sox_mass","NOx"
"eastwest_power",2024-07-01,"Donghae",2,"coal",126871.507,1230,0.009694848189988,"warning","high_dust_tsp_emission_factor;high_dust_tsp_mass;recent_shift_high_dust_tsp_mass;recent_shift_low_nox_mass","NOx"
"eastwest_power",2024-07-01,"Ilsan",1,"natural_gas",3911.368,0,0,"warning","high_sox_emission_factor;high_sox_mass;recent_shift_high_sox_mass;zero_nox_with_generation","NOx"
"eastwest_power",2024-07-01,"Ilsan",2,"natural_gas",4248.342,0,0,"warning","high_sox_emission_factor;high_sox_mass;recent_shift_high_sox_mass;zero_nox_with_generation","NOx"
"eastwest_power",2024-07-01,"Ilsan",3,"natural_gas",3516.929,0,0,"warning","high_sox_emission_factor;high_sox_mass;recent_shift_high_sox_mass;zero_nox_with_generation","NOx"
"eastwest_power",2024-07-01,"Ilsan",4,"natural_gas",4380.66,0,0,"warning","high_sox_emission_factor;high_sox_mass;recent_shift_high_sox_mass;zero_nox_with_generation","NOx"
"eastwest_power",2024-07-01,"Ilsan",5,"natural_gas",5377.19,0,0,"warning","high_sox_emission_factor;high_sox_mass;recent_shift_high_sox_mass;zero_nox_with_generation","NOx"
"eastwest_power",2024-07-01,"Ilsan",6,"natural_gas",5358.524,0,0,"warning","high_sox_emission_factor;high_sox_mass;recent_shift_high_sox_mass;zero_nox_with_generation","NOx"
"eastwest_power",2024-07-01,"Ulsan",7,"natural_gas",1878.317,0,0,"warning","zero_nox_with_generation","NOx"
"eastwest_power",2024-07-01,"Ulsan",8,"natural_gas",2544.428,0,0,"warning","zero_nox_with_generation","NOx"
"eastwest_power",2024-07-01,"Ulsan",9,"natural_gas",25206.602,0,0,"warning","high_sox_emission_factor;high_sox_mass;recent_shift_high_sox_mass;recent_shift_low_nox_mass;zero_nox_with_generation","NOx"
"eastwest_power",2024-07-01,"Ulsan",10,"natural_gas",25519.26,0,0,"warning","high_sox_emission_factor;high_sox_mass;recent_shift_high_sox_mass;zero_nox_with_generation","NOx"
"eastwest_power",2024-07-01,"Ulsan",11,"natural_gas",28204.818,0,0,"warning","recent_shift_low_nox_mass;zero_nox_with_generation","NOx"
"eastwest_power",2024-07-01,"Ulsan",12,"natural_gas",29676.25,0,0,"warning","high_sox_emission_factor;high_sox_mass;recent_shift_high_sox_mass;recent_shift_low_nox_mass;zero_nox_with_generation","NOx"
"eastwest_power",2024-07-01,"Ulsan",13,"natural_gas",136411.641,0,0,"warning","recent_shift_low_nox_mass;zero_nox_with_generation","NOx"
"eastwest_power",2024-07-01,"Ulsan",14,"natural_gas",129435.486,0,0,"warning","recent_shift_low_nox_mass;zero_nox_with_generation","NOx"
"western_power",2024-07-01,"Taean",4,"coal",112346,25000,0.22252683673651,"warning","recent_shift_low_nox_mass","NOx"
"eastwest_power",2024-08-01,"Dangjin",9,"coal",605851.969,1590,0.00262440345390707,"warning","high_dust_tsp_emission_factor;high_dust_tsp_mass;recent_shift_high_dust_tsp_mass;recent_shift_low_nox_mass","NOx"
"eastwest_power",2024-08-01,"Dangjin",10,"coal",607324.346,610,0.00100440564258229,"warning","high_dust_tsp_emission_factor;high_dust_tsp_mass;recent_shift_high_dust_tsp_mass;recent_shift_low_nox_mass","NOx"
"eastwest_power",2024-08-01,"Donghae",1,"coal",112084.583,1170,0.0104385453260775,"warning","high_dust_tsp_emission_factor;high_dust_tsp_mass;recent_shift_high_dust_tsp_mass;recent_shift_low_nox_mass","NOx"
"eastwest_power",2024-08-01,"Donghae",2,"coal",128631.356,1110,0.0086293111922104,"warning","high_dust_tsp_emission_factor;high_dust_tsp_mass;recent_shift_high_dust_tsp_mass;recent_shift_low_nox_mass","NOx"
"eastwest_power",2024-08-01,"Ilsan",1,"natural_gas",11409.109,0,0,"warning","high_sox_emission_factor;high_sox_mass;recent_shift_high_sox_mass;zero_nox_with_generation","NOx"
"eastwest_power",2024-08-01,"Ilsan",2,"natural_gas",12034.855,0,0,"warning","high_sox_emission_factor;high_sox_mass;recent_shift_high_sox_mass;zero_nox_with_generation","NOx"
"eastwest_power",2024-08-01,"Ilsan",3,"natural_gas",11128.869,0,0,"warning","high_sox_emission_factor;high_sox_mass;recent_shift_high_sox_mass;zero_nox_with_generation","NOx"
"eastwest_power",2024-08-01,"Ilsan",4,"natural_gas",12544.507,0,0,"warning","high_sox_emission_factor;high_sox_mass;recent_shift_high_sox_mass;zero_nox_with_generation","NOx"
"eastwest_power",2024-08-01,"Ilsan",5,"natural_gas",13102.823,0,0,"warning","high_sox_emission_factor;high_sox_mass;recent_shift_high_sox_mass;zero_nox_with_generation","NOx"
"eastwest_power",2024-08-01,"Ilsan",6,"natural_gas",13034.84,0,0,"warning","high_sox_emission_factor;high_sox_mass;recent_shift_high_sox_mass;zero_nox_with_generation","NOx"
"eastwest_power",2024-08-01,"Ulsan",7,"natural_gas",6630.557,0,0,"warning","zero_nox_with_generation","NOx"
"eastwest_power",2024-08-01,"Ulsan",8,"natural_gas",8093.004,0,0,"warning","zero_nox_with_generation","NOx"
"eastwest_power",2024-08-01,"Ulsan",9,"natural_gas",28117.462,0,0,"warning","high_sox_emission_factor;high_sox_mass;recent_shift_high_sox_mass;recent_shift_low_nox_mass;zero_nox_with_generation","NOx"
"eastwest_power",2024-08-01,"Ulsan",10,"natural_gas",26993.668,0,0,"warning","high_sox_emission_factor;high_sox_mass;recent_shift_high_sox_mass;zero_nox_with_generation","NOx"
"eastwest_power",2024-08-01,"Ulsan",11,"natural_gas",32101.944,0,0,"warning","recent_shift_low_nox_mass;zero_nox_with_generation","NOx"
"eastwest_power",2024-08-01,"Ulsan",12,"natural_gas",34805.287,0,0,"warning","high_sox_emission_factor;high_sox_mass;recent_shift_high_sox_mass;recent_shift_low_nox_mass;zero_nox_with_generation","NOx"
"eastwest_power",2024-08-01,"Ulsan",13,"natural_gas",156312.749,0,0,"warning","recent_shift_low_nox_mass;zero_nox_with_generation","NOx"
"eastwest_power",2024-08-01,"Ulsan",14,"natural_gas",109416.558,0,0,"warning","recent_shift_low_nox_mass;zero_nox_with_generation","NOx"
"midland_power",2024-08-01,"Jeju",,"oil",69180,22145.3210925,0.320111608738075,"warning","high_dust_tsp_mass;high_nox_emission_factor;high_sox_emission_factor;high_sox_mass","NOx"
"western_power",2024-08-01,"Taean",4,"coal",124180,27000,0.21742631663714,"warning","recent_shift_low_nox_mass","NOx"
"eastwest_power",2024-09-01,"Dangjin",9,"coal",539051.191,950,0.00176235581306785,"warning","high_dust_tsp_emission_factor;high_dust_tsp_mass;recent_shift_high_dust_tsp_mass;recent_shift_low_nox_mass","NOx"
"eastwest_power",2024-09-01,"Dangjin",10,"coal",622315.338,1030,0.00165510945513607,"warning","high_dust_tsp_emission_factor;high_dust_tsp_mass;recent_shift_high_dust_tsp_mass;recent_shift_low_nox_mass","NOx"
"eastwest_power",2024-09-01,"Donghae",1,"coal",89691.058,830,0.009253988284986,"warning","high_dust_tsp_emission_factor;high_dust_tsp_mass;recent_shift_high_dust_tsp_mass;recent_shift_low_nox_mass","NOx"
"eastwest_power",2024-09-01,"Donghae",2,"coal",107286.911,750,0.00699060111815504,"warning","high_dust_tsp_emission_factor;high_dust_tsp_mass;recent_shift_high_dust_tsp_mass;recent_shift_low_nox_mass","NOx"
"eastwest_power",2024-09-01,"Ilsan",1,"natural_gas",6082.269,0,0,"warning","high_sox_emission_factor;high_sox_mass;recent_shift_high_sox_mass;zero_nox_with_generation","NOx"
"eastwest_power",2024-09-01,"Ilsan",2,"natural_gas",6741.005,0,0,"warning","high_sox_emission_factor;high_sox_mass;recent_shift_high_sox_mass;zero_nox_with_generation","NOx"
"eastwest_power",2024-09-01,"Ilsan",3,"natural_gas",6265.315,0,0,"warning","high_sox_emission_factor;high_sox_mass;recent_shift_high_sox_mass;zero_nox_with_generation","NOx"
"eastwest_power",2024-09-01,"Ilsan",4,"natural_gas",6985.122,0,0,"warning","high_sox_emission_factor;high_sox_mass;recent_shift_high_sox_mass;zero_nox_with_generation","NOx"
"eastwest_power",2024-09-01,"Ilsan",5,"natural_gas",9377.349,0,0,"warning","high_sox_emission_factor;high_sox_mass;recent_shift_high_sox_mass;zero_nox_with_generation","NOx"
"eastwest_power",2024-09-01,"Ilsan",6,"natural_gas",9385.955,0,0,"warning","high_sox_emission_factor;high_sox_mass;recent_shift_high_sox_mass;zero_nox_with_generation","NOx"
"eastwest_power",2024-09-01,"Ulsan",7,"natural_gas",2400.314,0,0,"warning","zero_nox_with_generation","NOx"
"eastwest_power",2024-09-01,"Ulsan",8,"natural_gas",2806.217,0,0,"warning","zero_nox_with_generation","NOx"
"eastwest_power",2024-09-01,"Ulsan",9,"natural_gas",13099.759,0,0,"warning","high_sox_emission_factor;high_sox_mass;recent_shift_high_sox_mass;recent_shift_low_nox_mass;zero_nox_with_generation","NOx"
"eastwest_power",2024-09-01,"Ulsan",10,"natural_gas",14371.121,0,0,"warning","high_sox_emission_factor;high_sox_mass;recent_shift_high_sox_mass;zero_nox_with_generation","NOx"
"eastwest_power",2024-09-01,"Ulsan",11,"natural_gas",17467.684,0,0,"warning","recent_shift_low_nox_mass;zero_nox_with_generation","NOx"
"eastwest_power",2024-09-01,"Ulsan",12,"natural_gas",26253.068,0,0,"warning","high_sox_emission_factor;high_sox_mass;recent_shift_high_sox_mass;recent_shift_low_nox_mass;zero_nox_with_generation","NOx"
"eastwest_power",2024-09-01,"Ulsan",13,"natural_gas",118905.631,0,0,"warning","recent_shift_low_nox_mass;zero_nox_with_generation","NOx"
"eastwest_power",2024-09-01,"Ulsan",14,"natural_gas",69794.985,0,0,"warning","recent_shift_low_nox_mass;zero_nox_with_generation","NOx"
"midland_power",2024-09-01,"Incheon",,"natural_gas",453102,29085.7328420536,0.0641924618343189,"warning","recent_shift_low_nox_mass","NOx"
"western_power",2024-09-01,"Taean",4,"coal",116206,24000,0.206529783315836,"warning","recent_shift_low_nox_mass","NOx"
"eastwest_power",2024-10-01,"Dangjin",9,"coal",439738.782,1140,0.00259244816846743,"warning","high_dust_tsp_emission_factor;high_dust_tsp_mass;recent_shift_high_dust_tsp_mass;recent_shift_low_nox_mass","NOx"
"eastwest_power",2024-10-01,"Dangjin",10,"coal",543328.762,750,0.00138037971197998,"warning","high_dust_tsp_emission_factor;high_dust_tsp_mass;recent_shift_high_dust_tsp_mass;recent_shift_low_nox_mass","NOx"
"eastwest_power",2024-10-01,"Donghae",1,"coal",5808.956,140,0.0241007162044264,"warning","high_dust_tsp_emission_factor;recent_shift_low_nox_mass;recent_shift_low_sox_mass","NOx"
"eastwest_power",2024-10-01,"Donghae",2,"coal",20029.226,260,0.0129810308196632,"warning","high_dust_tsp_emission_factor;high_dust_tsp_mass;recent_shift_low_nox_mass;recent_shift_low_sox_mass","NOx"
"eastwest_power",2024-10-01,"Ilsan",1,"natural_gas",1958.729,0,0,"warning","high_sox_emission_factor;high_sox_mass;recent_shift_high_sox_mass;zero_nox_with_generation","NOx"
"eastwest_power",2024-10-01,"Ilsan",2,"natural_gas",3635.88,0,0,"warning","high_sox_emission_factor;high_sox_mass;recent_shift_high_sox_mass;zero_nox_with_generation","NOx"
"eastwest_power",2024-10-01,"Ilsan",3,"natural_gas",3124.646,0,0,"warning","high_sox_emission_factor;high_sox_mass;recent_shift_high_sox_mass;zero_nox_with_generation","NOx"
"eastwest_power",2024-10-01,"Ilsan",4,"natural_gas",3625.422,0,0,"warning","high_sox_emission_factor;high_sox_mass;recent_shift_high_sox_mass;zero_nox_with_generation","NOx"
"eastwest_power",2024-10-01,"Ilsan",5,"natural_gas",4948.68,0,0,"warning","high_sox_emission_factor;high_sox_mass;recent_shift_high_sox_mass;zero_nox_with_generation","NOx"
"eastwest_power",2024-10-01,"Ilsan",6,"natural_gas",6208.713,0,0,"warning","high_sox_emission_factor;high_sox_mass;recent_shift_high_sox_mass;zero_nox_with_generation","NOx"
"eastwest_power",2024-10-01,"Ulsan",7,"natural_gas",2845.87,0,0,"warning","zero_nox_with_generation","NOx"
"eastwest_power",2024-10-01,"Ulsan",8,"natural_gas",1804.487,0,0,"warning","zero_nox_with_generation","NOx"
"eastwest_power",2024-10-01,"Ulsan",9,"natural_gas",8381.155,0,0,"warning","high_sox_emission_factor;high_sox_mass;recent_shift_high_sox_mass;recent_shift_low_nox_mass;zero_nox_with_generation","NOx"
"eastwest_power",2024-10-01,"Ulsan",10,"natural_gas",8906.375,0,0,"warning","high_sox_emission_factor;high_sox_mass;recent_shift_high_sox_mass;zero_nox_with_generation","NOx"
"eastwest_power",2024-10-01,"Ulsan",11,"natural_gas",12008.109,0,0,"warning","recent_shift_low_nox_mass;zero_nox_with_generation","NOx"
"eastwest_power",2024-10-01,"Ulsan",12,"natural_gas",18766.387,0,0,"warning","high_sox_emission_factor;high_sox_mass;recent_shift_high_sox_mass;recent_shift_low_nox_mass;zero_nox_with_generation","NOx"
"eastwest_power",2024-10-01,"Ulsan",13,"natural_gas",79848.036,0,0,"warning","recent_shift_low_nox_mass;zero_nox_with_generation","NOx"
"eastwest_power",2024-10-01,"Ulsan",14,"natural_gas",132737.146,0,0,"warning","recent_shift_low_nox_mass;zero_nox_with_generation","NOx"
"midland_power",2024-10-01,"Incheon",,"natural_gas",292305,14414.1732940179,0.0493120996699265,"warning","recent_shift_low_nox_mass","NOx"
"southern_power",2024-10-01,"Hallim",,"natural_gas",122.4,0,0,"warning","generation_very_low_nonzero;zero_nox_with_generation","NOx"
"western_power",2024-10-01,"Taean",4,"coal",48300,9000,0.186335403726708,"warning","recent_shift_low_nox_mass","NOx"
"eastwest_power",2024-11-01,"Dangjin",9,"coal",366366.423,980,0.00267491761929286,"warning","high_dust_tsp_emission_factor;high_dust_tsp_mass;recent_shift_high_dust_tsp_mass;recent_shift_low_nox_mass","NOx"
"eastwest_power",2024-11-01,"Dangjin",10,"coal",559809.418,860,0.00153623710560725,"warning","high_dust_tsp_emission_factor;high_dust_tsp_mass;recent_shift_high_dust_tsp_mass;recent_shift_low_nox_mass","NOx"
"eastwest_power",2024-11-01,"Donghae",1,"coal",13264.642,200,0.0150776779350698,"warning","high_dust_tsp_emission_factor;high_dust_tsp_mass;recent_shift_low_nox_mass;recent_shift_low_sox_mass","NOx"
"eastwest_power",2024-11-01,"Donghae",2,"coal",110137.813,700,0.00635567368674735,"warning","high_dust_tsp_emission_factor;high_dust_tsp_mass;recent_shift_high_dust_tsp_mass;recent_shift_low_nox_mass","NOx"
"eastwest_power",2024-11-01,"Ilsan",1,"natural_gas",1730.994,0,0,"warning","high_sox_emission_factor;high_sox_mass;recent_shift_high_sox_mass;zero_nox_with_generation","NOx"
"eastwest_power",2024-11-01,"Ilsan",2,"natural_gas",4993.393,0,0,"warning","high_sox_emission_factor;high_sox_mass;recent_shift_high_sox_mass;zero_nox_with_generation","NOx"
"eastwest_power",2024-11-01,"Ilsan",3,"natural_gas",4647.342,0,0,"warning","high_sox_emission_factor;high_sox_mass;recent_shift_high_sox_mass;zero_nox_with_generation","NOx"
"eastwest_power",2024-11-01,"Ilsan",4,"natural_gas",494.999,0,0,"warning","generation_very_low_nonzero;high_sox_emission_factor;high_sox_mass;recent_shift_high_sox_mass;zero_nox_with_generation","NOx"
"eastwest_power",2024-11-01,"Ilsan",5,"natural_gas",15067.647,0,0,"warning","high_sox_emission_factor;high_sox_mass;recent_shift_high_sox_mass;zero_nox_with_generation","NOx"
"eastwest_power",2024-11-01,"Ilsan",6,"natural_gas",15843.106,0,0,"warning","high_sox_emission_factor;high_sox_mass;recent_shift_high_sox_mass;zero_nox_with_generation","NOx"
"eastwest_power",2024-11-01,"Ulsan",7,"natural_gas",539.961,0,0,"warning","generation_very_low_nonzero;zero_nox_with_generation","NOx"
"eastwest_power",2024-11-01,"Ulsan",8,"natural_gas",671.107,0,0,"warning","generation_very_low_nonzero;zero_nox_with_generation","NOx"
"eastwest_power",2024-11-01,"Ulsan",9,"natural_gas",1242.916,0,0,"warning","high_sox_emission_factor;high_sox_mass;recent_shift_high_sox_mass;recent_shift_low_nox_mass;zero_nox_with_generation","NOx"
"eastwest_power",2024-11-01,"Ulsan",10,"natural_gas",1248.093,0,0,"warning","high_sox_emission_factor;high_sox_mass;recent_shift_high_sox_mass;zero_nox_with_generation","NOx"
"eastwest_power",2024-11-01,"Ulsan",11,"natural_gas",2650.493,0,0,"warning","recent_shift_low_nox_mass;zero_nox_with_generation","NOx"
"eastwest_power",2024-11-01,"Ulsan",12,"natural_gas",5636.403,0,0,"warning","high_sox_emission_factor;high_sox_mass;recent_shift_high_sox_mass;recent_shift_low_nox_mass;zero_nox_with_generation","NOx"
"eastwest_power",2024-11-01,"Ulsan",13,"natural_gas",88160.307,0,0,"warning","recent_shift_low_nox_mass;zero_nox_with_generation","NOx"
"eastwest_power",2024-11-01,"Ulsan",14,"natural_gas",114029.307,0,0,"warning","recent_shift_low_nox_mass;zero_nox_with_generation","NOx"
"midland_power",2024-11-01,"Incheon",,"natural_gas",363751,13617.7097275893,0.0374368997682186,"warning","recent_shift_low_nox_mass","NOx"
"southern_power",2024-11-01,"Hallim",,"natural_gas",1228.4,641,0.521816997720612,"warning","high_nox_emission_factor","NOx"
"western_power",2024-11-01,"Seoincheon",6,"natural_gas",1933,400,0.206932229694775,"warning","missing_dust_tsp;missing_sox;recent_shift_low_nox_mass","NOx"
"western_power",2024-11-01,"Taean",4,"coal",35253,5000,0.141831900831135,"warning","recent_shift_low_dust_tsp_mass;recent_shift_low_nox_mass;zero_dust_tsp_coal_generation","NOx"
"western_power",2024-11-01,"Taean",9,"coal",54912,8000,0.145687645687646,"warning","recent_shift_low_dust_tsp_mass;recent_shift_low_nox_mass;zero_dust_tsp_coal_generation","NOx"
"eastwest_power",2024-12-01,"Dangjin",6,"coal",131699.496,0,0,"warning","recent_shift_low_dust_tsp_mass;recent_shift_low_nox_mass;recent_shift_low_sox_mass;zero_dust_tsp_coal_generation;zero_nox_with_generation;zero_sox_coal_generation","NOx"
"eastwest_power",2024-12-01,"Dangjin",9,"coal",576985.86,1670,0.00289435169173816,"warning","high_dust_tsp_emission_factor;high_dust_tsp_mass;recent_shift_high_dust_tsp_mass;recent_shift_low_nox_mass","NOx"
"eastwest_power",2024-12-01,"Dangjin",10,"coal",583135.488,1180,0.00202354345479313,"warning","high_dust_tsp_emission_factor;high_dust_tsp_mass;recent_shift_high_dust_tsp_mass;recent_shift_low_nox_mass","NOx"
"eastwest_power",2024-12-01,"Donghae",1,"coal",108133.022,1170,0.010820006491634,"warning","high_dust_tsp_emission_factor;high_dust_tsp_mass;recent_shift_high_dust_tsp_mass;recent_shift_low_nox_mass","NOx"
"eastwest_power",2024-12-01,"Donghae",2,"coal",102049.392,620,0.00607548940614952,"warning","high_dust_tsp_emission_factor;high_dust_tsp_mass;recent_shift_high_dust_tsp_mass;recent_shift_low_nox_mass","NOx"
"eastwest_power",2024-12-01,"Ilsan",1,"natural_gas",1709.474,0,0,"warning","high_sox_emission_factor;high_sox_mass;recent_shift_high_sox_mass;zero_nox_with_generation","NOx"
"eastwest_power",2024-12-01,"Ilsan",2,"natural_gas",3103.96,0,0,"warning","high_sox_emission_factor;high_sox_mass;recent_shift_high_sox_mass;zero_nox_with_generation","NOx"
"eastwest_power",2024-12-01,"Ilsan",3,"natural_gas",4848.781,0,0,"warning","high_sox_emission_factor;high_sox_mass;recent_shift_high_sox_mass;zero_nox_with_generation","NOx"
"eastwest_power",2024-12-01,"Ilsan",4,"natural_gas",749.107,0,0,"warning","high_sox_emission_factor;high_sox_mass;recent_shift_high_sox_mass;zero_nox_with_generation","NOx"
"eastwest_power",2024-12-01,"Ilsan",5,"natural_gas",65379.672,0,0,"warning","high_sox_emission_factor;high_sox_mass;recent_shift_high_sox_mass;zero_nox_with_generation","NOx"
"eastwest_power",2024-12-01,"Ilsan",6,"natural_gas",64450.015,0,0,"warning","high_sox_emission_factor;high_sox_mass;recent_shift_high_sox_mass;zero_nox_with_generation","NOx"
"eastwest_power",2024-12-01,"Ulsan",11,"natural_gas",575,0,0,"warning","generation_very_low_nonzero;recent_shift_low_nox_mass;zero_nox_with_generation","NOx"
"eastwest_power",2024-12-01,"Ulsan",12,"natural_gas",624.906,0,0,"warning","generation_very_low_nonzero;high_sox_emission_factor;high_sox_mass;recent_shift_high_sox_mass;recent_shift_low_nox_mass;zero_nox_with_generation","NOx"
"eastwest_power",2024-12-01,"Ulsan",13,"natural_gas",50184.906,0,0,"warning","recent_shift_low_nox_mass;zero_nox_with_generation","NOx"
"eastwest_power",2024-12-01,"Ulsan",14,"natural_gas",49484.765,0,0,"warning","recent_shift_low_nox_mass;zero_nox_with_generation","NOx"
"midland_power",2024-12-01,"Incheon",,"natural_gas",411944,21494.658725625,0.052178593997303,"warning","recent_shift_low_nox_mass","NOx"
"western_power",2024-12-01,"Seoincheon",5,"natural_gas",1259,400,0.317712470214456,"warning","generation_very_low_nonzero;missing_dust_tsp;missing_sox;recent_shift_low_nox_mass","NOx"
"western_power",2024-12-01,"Seoincheon",6,"natural_gas",1247,200,0.160384923817161,"warning","generation_very_low_nonzero;missing_dust_tsp;missing_sox;recent_shift_low_nox_mass","NOx"
"western_power",2024-12-01,"Taean",4,"coal",58957,9000,0.15265362891599,"warning","recent_shift_low_dust_tsp_mass;recent_shift_low_nox_mass;zero_dust_tsp_coal_generation","NOx"
"midland_power",2025-01-01,"Incheon",,"natural_gas",372388,22398.8184449107,0.0601491413389011,"warning","recent_shift_low_nox_mass","NOx"
"midland_power",2025-01-01,"Seocheon",,"coal",339095,0,0,"warning","zero_dust_tsp_coal_generation;zero_nox_with_generation;zero_sox_coal_generation","NOx"
"western_power",2025-01-01,"Seoincheon",5,"natural_gas",1589,400,0.251730648206419,"warning","generation_very_low_nonzero;missing_dust_tsp;missing_sox;recent_shift_low_nox_mass","NOx"
"western_power",2025-01-01,"Seoincheon",6,"natural_gas",1154,200,0.173310225303293,"warning","generation_very_low_nonzero;missing_dust_tsp;missing_sox;recent_shift_low_nox_mass","NOx"
"western_power",2025-01-01,"Taean",4,"coal",46335,9000,0.194237617351894,"warning","recent_shift_low_dust_tsp_mass;recent_shift_low_nox_mass;zero_dust_tsp_coal_generation","NOx"
"western_power",2025-01-01,"Taean",9,"coal",119602,10000,0.083610641962509,"warning","recent_shift_low_nox_mass","NOx"
"midland_power",2025-02-01,"Incheon",,"natural_gas",321131,27507.3891980357,0.0856578443004123,"warning","recent_shift_low_nox_mass","NOx"
"western_power",2025-02-01,"Taean",4,"coal",78541,19000,0.241911867686941,"warning","recent_shift_low_nox_mass","NOx"
"western_power",2025-02-01,"Taean",,"coal",205344,0,0,"warning","recent_shift_low_nox_mass;recent_shift_low_sox_mass;zero_dust_tsp_coal_generation;zero_nox_with_generation;zero_sox_coal_generation","NOx"
"midland_power",2025-03-01,"Incheon",,"natural_gas",289184,28191.0204384821,0.0974847171298625,"warning","recent_shift_low_nox_mass","NOx"
"southeast_power",2025-03-01,"Samcheonpo",4,"coal",4903,9122.12961459686,1.8605200111354,"warning","high_nox_emission_factor;high_sox_emission_factor;missing_dust_tsp","NOx"
"western_power",2025-03-01,"Taean",4,"coal",38328,7000,0.182634105614694,"warning","recent_shift_low_nox_mass","NOx"
"western_power",2025-03-01,"Taean",10,"coal",56078,4000,0.0713292200149791,"warning","recent_shift_low_nox_mass","NOx"
"midland_power",2025-04-01,"Incheon",,"natural_gas",132500,14824.9855330357,0.111886683268194,"warning","recent_shift_low_nox_mass","NOx"
"southeast_power",2025-04-01,"Samcheonpo",5,"coal",2398,1235.993499216,0.515426813684737,"warning","generation_very_low_nonzero;high_dust_tsp_emission_factor;high_nox_emission_factor;high_sox_emission_factor","NOx"
"western_power",2025-04-01,"Taean",9,"coal",36127,4000,0.110720513743184,"warning","recent_shift_low_dust_tsp_mass;recent_shift_low_nox_mass;recent_shift_low_sox_mass;zero_dust_tsp_coal_generation","NOx"
"midland_power",2025-05-01,"Incheon",,"natural_gas",118730,8228.63136258929,0.0693054102803781,"warning","recent_shift_low_nox_mass","NOx"
"southeast_power",2025-05-01,"Bundang",6,"natural_gas",0.6,17.8831472528571,29.8052454214286,"warning","generation_very_low_nonzero;high_nox_emission_factor;missing_dust_tsp;missing_sox","NOx"
"western_power",2025-05-01,"Seoincheon",4,"natural_gas",276,400,1.44927536231884,"warning","generation_very_low_nonzero;high_nox_emission_factor;missing_dust_tsp;missing_sox","NOx"
"western_power",2025-05-01,"Taean",4,"coal",115342,30000,0.260096062145619,"warning","recent_shift_low_nox_mass","NOx"
"midland_power",2025-06-01,"Incheon",,"natural_gas",53069,9848.40040928571,0.185577275043542,"warning","recent_shift_low_nox_mass","NOx"
"southern_power",2025-06-01,"Andong",,"natural_gas",47138.393358,9273,0.196718626567833,"warning","high_nox_emission_factor","NOx"
"southern_power",2025-06-01,"Busan",3,"natural_gas",5872,1238,0.2108310626703,"warning","recent_shift_low_nox_mass","NOx"
"western_power",2025-06-01,"Taean",4,"coal",128023,33000,0.257766182639057,"warning","recent_shift_low_nox_mass","NOx"
"southeast_power",2025-09-01,"Yeongheung",6,"coal",267990,15229.838771622,0.0568298771283332,"warning","recent_shift_low_nox_mass;recent_shift_low_sox_mass","NOx"
"southeast_power",2025-10-01,"Yeosu",2,"coal",1657,81.242515026,0.0490298823331322,"warning","generation_very_low_nonzero;missing_dust_tsp;recent_shift_low_nox_mass;recent_shift_low_sox_mass","NOx"
"southern_power",2025-10-01,"Busan",4,"natural_gas",7549,1162,0.153927672539409,"warning","recent_shift_low_nox_mass","NOx"
"southeast_power",2025-11-01,"Bundang",3,"natural_gas",419,0,0,"warning","generation_very_low_nonzero;missing_dust_tsp;missing_sox;zero_nox_with_generation","NOx"
"southeast_power",2025-11-01,"Samcheonpo",6,"coal",39047,15924.8378342983,0.407837678548884,"warning","high_nox_emission_factor;high_sox_emission_factor","NOx"
"southeast_power",2026-02-01,"Yeongheung",5,"coal",26922,3131.863540506,0.11633101331647,"warning","high_nox_emission_factor;recent_shift_low_dust_tsp_mass;recent_shift_low_nox_mass;recent_shift_low_sox_mass","NOx"
"southeast_power",2026-03-01,"Yeongheung",5,"coal",76891,8476.79926775914,0.110244362379981,"warning","high_nox_emission_factor;recent_shift_low_nox_mass;recent_shift_low_sox_mass","NOx"
"southeast_power",2026-04-01,"Yeongheung",1,"coal",66443.37,17993.0342954623,0.270802554046586,"warning","high_nox_emission_factor;high_nox_mass;high_sox_mass","NOx"
"western_power",2005-01-01,"Pyeongtaek",1,"oil_and_natural_gas",199847,5300,0.0265202880203356,"warning","high_dust_tsp_emission_factor;high_dust_tsp_mass;high_nox_mass;high_sox_mass","TSP"
"western_power",2005-01-01,"Pyeongtaek",2,"oil_and_natural_gas",222589,6200,0.0278540269285544,"warning","high_dust_tsp_emission_factor;high_dust_tsp_mass;high_nox_mass","TSP"
"western_power",2008-06-01,"Pyeongtaek",4,"oil_and_natural_gas",6749,200,0.0296340198547933,"warning","high_dust_tsp_emission_factor","TSP"
"western_power",2009-06-01,"Pyeongtaek",3,"oil_and_natural_gas",3594,100,0.0278241513633834,"warning","high_dust_tsp_emission_factor","TSP"
"southern_power",2012-12-01,"Hadong",2,"coal",382874.546,15898,0.0415227394092685,"warning","generation_above_nameplate;high_dust_tsp_emission_factor;high_dust_tsp_mass","TSP"
"western_power",2013-06-01,"Taean",8,"coal",378744,18700,0.0493737194516613,"critical","generation_far_above_nameplate;high_dust_tsp_emission_factor","TSP"
"southern_power",2013-11-01,"Hadong",5,"coal",137594.824,4589,0.0333515452587083,"warning","high_dust_tsp_emission_factor","TSP"
"western_power",2014-04-01,"Pyeongtaek",2,"oil_and_natural_gas",4443,100,0.0225073148773351,"warning","high_dust_tsp_emission_factor;high_nox_emission_factor","TSP"
"eastwest_power",2014-06-01,"Honam",2,"coal",23.961,33.2434,1.38739618546805,"warning","generation_very_low_nonzero;high_dust_tsp_emission_factor;high_nox_emission_factor;high_sox_emission_factor","TSP"
"western_power",2014-08-01,"Taean",3,"coal",329153,30100,0.0914468347546582,"warning","high_dust_tsp_emission_factor","TSP"
"eastwest_power",2014-11-01,"Dangjin",1,"coal",5.406,0.946,0.174990751017388,"warning","generation_very_low_nonzero;high_dust_tsp_emission_factor;high_nox_emission_factor","TSP"
"southern_power",2015-10-01,"Hadong",7,"coal",78364.001,2249,0.028699402420762,"warning","high_dust_tsp_emission_factor;high_sox_emission_factor","TSP"
"western_power",2015-12-01,"Taean",3,"coal",227981,19000,0.0833402783565297,"warning","high_dust_tsp_emission_factor","TSP"
"eastwest_power",2016-03-01,"Dangjin",2,"coal",1.614,0,0,"warning","generation_very_low_nonzero;zero_dust_tsp_coal_generation;zero_nox_with_generation;zero_sox_coal_generation","TSP"
"eastwest_power",2016-05-01,"Dangjin",1,"coal",10863.457,344.186,0.0316829164049713,"warning","high_dust_tsp_emission_factor","TSP"
"eastwest_power",2016-10-01,"Dangjin",7,"coal",1.241,23.4663,18.9091861402095,"warning","generation_very_low_nonzero;high_dust_tsp_emission_factor;high_nox_emission_factor;high_sox_emission_factor","TSP"
"eastwest_power",2016-11-01,"Dangjin",7,"coal",169.25,123.8462,0.731735302806499,"warning","generation_very_low_nonzero;high_dust_tsp_emission_factor;high_nox_emission_factor;high_sox_emission_factor","TSP"
"eastwest_power",2017-01-01,"Dangjin",4,"coal",174.604,7.165,0.0410357151038922,"warning","generation_very_low_nonzero;high_dust_tsp_emission_factor","TSP"
"western_power",2017-02-01,"Taean",,"coal",23044,0,0,"warning","zero_dust_tsp_coal_generation","TSP"
"southern_power",2017-06-01,"Samcheok",2,"coal",533021.057532,0,0,"warning","zero_dust_tsp_coal_generation;zero_nox_with_generation;zero_sox_coal_generation","TSP"
"western_power",2017-06-01,"Taean",,"coal",65710,0,0,"warning","zero_dust_tsp_coal_generation","TSP"
"southern_power",2017-07-01,"Samcheok",2,"coal",219399.4659,0,0,"warning","zero_dust_tsp_coal_generation;zero_nox_with_generation;zero_sox_coal_generation","TSP"
"western_power",2017-07-01,"Taean",,"coal",23600,0,0,"warning","zero_dust_tsp_coal_generation","TSP"
"southern_power",2017-08-01,"Samcheok",2,"coal",426002.4279,0,0,"warning","zero_dust_tsp_coal_generation;zero_nox_with_generation;zero_sox_coal_generation","TSP"
"western_power",2017-09-01,"Taean",,"coal",194774,0,0,"warning","zero_dust_tsp_coal_generation","TSP"
"eastwest_power",2018-02-01,"Donghae",2,"coal",22415.852,883.526,0.0394152316851485,"warning","high_dust_tsp_emission_factor","TSP"
"western_power",2018-05-01,"Pyeongtaek",1,"oil_and_natural_gas",1551,100,0.064474532559639,"warning","generation_very_low_nonzero;high_dust_tsp_emission_factor;missing_nox","TSP"
"western_power",2018-05-01,"Pyeongtaek",4,"oil_and_natural_gas",1580,100,0.0632911392405063,"warning","generation_very_low_nonzero;high_dust_tsp_emission_factor;high_nox_emission_factor","TSP"
"western_power",2018-05-01,"Taean",5,"coal",999,100,0.1001001001001,"warning","generation_very_low_nonzero;high_dust_tsp_emission_factor","TSP"
"eastwest_power",2018-07-01,"Honam",1,"coal",21.256,56.1,2.63925479864509,"warning","generation_very_low_nonzero;high_dust_tsp_emission_factor;high_nox_emission_factor;high_sox_emission_factor","TSP"
"eastwest_power",2018-09-01,"Dangjin",10,"coal",28.572,6.245,0.218570628587428,"warning","generation_very_low_nonzero;high_dust_tsp_emission_factor;high_nox_emission_factor","TSP"
"western_power",2018-09-01,"Taean",4,"coal",1418,100,0.0705218617771509,"warning","generation_very_low_nonzero;high_dust_tsp_emission_factor;missing_nox;missing_sox","TSP"
"southern_power",2018-10-01,"Samcheok",1,"coal",1988.15943,228,0.114678931960703,"warning","generation_very_low_nonzero;high_dust_tsp_emission_factor;high_nox_emission_factor;high_sox_emission_factor","TSP"
"western_power",2018-11-01,"Taean",10,"coal",4,100,25,"warning","generation_very_low_nonzero;high_dust_tsp_emission_factor;high_nox_emission_factor;high_sox_emission_factor","TSP"
"western_power",2018-12-01,"Pyeongtaek",2,"oil_and_natural_gas",2500,100,0.04,"warning","generation_very_low_nonzero;high_dust_tsp_emission_factor","TSP"
"western_power",2018-12-01,"Pyeongtaek",3,"oil_and_natural_gas",2479,100,0.0403388463089956,"warning","generation_very_low_nonzero;high_dust_tsp_emission_factor;missing_nox;missing_sox","TSP"
"western_power",2019-01-01,"Pyeongtaek",2,"oil_and_natural_gas",1770,100,0.0564971751412429,"warning","generation_very_low_nonzero;high_dust_tsp_emission_factor","TSP"
"southern_power",2019-04-01,"Samcheok",2,"coal",22752.993,0,0,"warning","zero_dust_tsp_coal_generation;zero_nox_with_generation;zero_sox_coal_generation","TSP"
"southern_power",2019-06-01,"Hadong",8,"coal",3107.4204,116,0.0373299988633659,"warning","generation_very_low_nonzero;high_dust_tsp_emission_factor","TSP"
"southern_power",2019-06-01,"Namjeju Steam",1,"bio_oil_and_diesel",4626.7,576,0.124494780296972,"warning","high_dust_tsp_emission_factor","TSP"
"eastwest_power",2019-07-01,"Ulsan",6,"oil",1590.666,73.57,0.0462510671630625,"warning","generation_very_low_nonzero;high_dust_tsp_emission_factor","TSP"
"western_power",2019-10-01,"Pyeongtaek",1,"oil_and_natural_gas",12008,300,0.024983344437042,"warning","high_dust_tsp_emission_factor;missing_nox;missing_sox","TSP"
"southern_power",2019-11-01,"Hadong",2,"coal",12021.185726,500,0.0415932347604094,"warning","high_dust_tsp_emission_factor","TSP"
"eastwest_power",2020-04-01,"Dangjin",9,"coal",16833.989,299.556,0.0177947128277202,"warning","high_dust_tsp_emission_factor","TSP"
"western_power",2020-05-01,"Taean",9,"coal",690,300,0.434782608695652,"warning","generation_very_low_nonzero;high_dust_tsp_emission_factor;high_nox_emission_factor;zero_sox_coal_generation","TSP"
"southern_power",2020-07-01,"Namjeju Combined",,"natural_gas",2317.785863,13,0.00560880114402527,"warning","high_dust_tsp_emission_factor;high_nox_emission_factor;high_sox_emission_factor","TSP"
"southern_power",2020-08-01,"Namjeju Combined",,"natural_gas",2197.341745,129,0.0587072995329636,"warning","high_dust_tsp_emission_factor;high_nox_emission_factor;high_sox_emission_factor","TSP"
"western_power",2020-08-01,"Taean",,"coal",190439,0,0,"warning","zero_dust_tsp_coal_generation","TSP"
"southern_power",2020-09-01,"Hadong",1,"coal",9220.82378,2456,0.266353642429115,"warning","high_dust_tsp_emission_factor;high_nox_emission_factor;high_sox_emission_factor","TSP"
"southern_power",2020-09-01,"Hadong",2,"coal",476,5026,10.5588235294118,"warning","generation_very_low_nonzero;high_dust_tsp_emission_factor;high_nox_emission_factor;high_sox_emission_factor","TSP"
"southern_power",2020-09-01,"Namjeju Steam",1,"bio_oil_and_diesel",1330.4,478,0.359290438965725,"warning","high_dust_tsp_emission_factor;high_nox_emission_factor;high_sox_emission_factor","TSP"
"southern_power",2020-09-01,"Namjeju Steam",2,"bio_oil_and_diesel",1318.3,550,0.417203974816051,"warning","high_dust_tsp_emission_factor;high_nox_emission_factor;high_sox_emission_factor","TSP"
"western_power",2020-11-01,"Taean",7,"coal",6575,0,0,"warning","zero_dust_tsp_coal_generation","TSP"
"eastwest_power",2021-02-01,"Dangjin",3,"coal",3262.525,408.095,0.125085631527728,"warning","generation_very_low_nonzero;high_dust_tsp_emission_factor","TSP"
"eastwest_power",2021-02-01,"Honam",2,"coal",1069.981,515.968,0.482221646926441,"warning","generation_very_low_nonzero;high_dust_tsp_emission_factor","TSP"
"eastwest_power",2021-04-01,"Dangjin",5,"coal",5285.905,204.252,0.0386408760656879,"warning","high_dust_tsp_emission_factor","TSP"
"southern_power",2021-04-01,"Hadong",5,"coal",152.88,0,0,"warning","generation_very_low_nonzero;zero_dust_tsp_coal_generation;zero_nox_with_generation;zero_sox_coal_generation","TSP"
"southern_power",2021-05-01,"Hadong",5,"coal",275.52,0,0,"warning","generation_very_low_nonzero;zero_dust_tsp_coal_generation;zero_nox_with_generation;zero_sox_coal_generation","TSP"
"eastwest_power",2021-07-01,"Dangjin",3,"coal",172771.417,8215.834,0.0475532014650317,"warning","high_dust_tsp_emission_factor","TSP"
"southern_power",2021-09-01,"Hadong",1,"coal",138329.620528,6492,0.0469313800993615,"warning","high_dust_tsp_emission_factor","TSP"
"southern_power",2021-10-01,"Namjeju Steam",1,"bio_oil_and_diesel",14239.7,448,0.0314613369663687,"warning","high_dust_tsp_emission_factor","TSP"
"southern_power",2021-10-01,"Namjeju Steam",2,"bio_oil_and_diesel",39468.1,1239,0.0313924409839845,"warning","high_dust_tsp_emission_factor;high_dust_tsp_mass","TSP"
"southeast_power",2021-11-01,"Yeongheung",6,"coal",517069,8759.686066416,0.0169410389453168,"warning","high_dust_tsp_emission_factor;high_dust_tsp_mass","TSP"
"southeast_power",2021-12-01,"Samcheonpo",6,"coal",27699,1927.7076933504,0.0695948479493989,"warning","high_dust_tsp_emission_factor;high_nox_emission_factor","TSP"
"eastwest_power",2022-03-01,"Donghae",1,"coal",139.938,36.054,0.25764267032543,"warning","generation_very_low_nonzero;high_dust_tsp_emission_factor;high_nox_emission_factor;high_sox_emission_factor","TSP"
"southern_power",2022-03-01,"Hadong",8,"coal",171333.1796,8834,0.0515603575479317,"warning","high_dust_tsp_emission_factor","TSP"
"southern_power",2022-04-01,"Hadong",7,"coal",37.1964,49,1.31733178479638,"warning","generation_very_low_nonzero;high_dust_tsp_emission_factor;high_nox_emission_factor","TSP"
"western_power",2022-05-01,"Taean",,"coal",7747,0,0,"warning","zero_dust_tsp_coal_generation;zero_sox_coal_generation","TSP"
"western_power",2022-06-01,"Taean",9,"coal",79148,0,0,"warning","zero_dust_tsp_coal_generation","TSP"
"southern_power",2022-07-01,"Namjeju Steam",2,"bio_oil_and_diesel",8109.4,1729,0.213209361974992,"warning","high_dust_tsp_emission_factor;high_dust_tsp_mass;high_nox_emission_factor","TSP"
"western_power",2022-09-01,"Taean",9,"coal",330240,0,0,"warning","zero_dust_tsp_coal_generation","TSP"
"southern_power",2022-10-01,"Hadong",1,"coal",392.012,0,0,"warning","generation_very_low_nonzero;zero_dust_tsp_coal_generation;zero_nox_with_generation;zero_sox_coal_generation","TSP"
"southern_power",2022-10-01,"Namjeju Steam",1,"bio_oil_and_diesel",30984.4,942,0.0304023960444611,"warning","high_dust_tsp_emission_factor","TSP"
"eastwest_power",2022-11-01,"Dangjin",4,"coal",61.539,10.506,0.170721006191196,"warning","generation_very_low_nonzero;high_dust_tsp_emission_factor;high_sox_emission_factor","TSP"
"southern_power",2022-11-01,"Hadong",1,"coal",108.36,0,0,"warning","generation_very_low_nonzero;zero_dust_tsp_coal_generation;zero_nox_with_generation;zero_sox_coal_generation","TSP"
"southern_power",2023-01-01,"Hadong",1,"coal",168489.322087,28250,0.167666411438305,"warning","high_dust_tsp_emission_factor;high_dust_tsp_mass","TSP"
"southern_power",2023-01-01,"Shin-Incheon",3,"natural_gas",18808,154,0.00818800510421097,"warning","high_dust_tsp_emission_factor;high_dust_tsp_mass","TSP"
"western_power",2023-01-01,"Taean",,"coal",58454,484000,8.28001505457283,"warning","high_dust_tsp_emission_factor;high_dust_tsp_mass;high_nox_emission_factor;high_nox_mass;high_sox_emission_factor;high_sox_mass","TSP"
"southern_power",2023-03-01,"Hadong",7,"coal",124476.1182,7374,0.0592402792329364,"warning","high_dust_tsp_emission_factor","TSP"
"western_power",2023-03-01,"Taean",6,"coal",7829,0,0,"warning","zero_dust_tsp_coal_generation","TSP"
"western_power",2023-03-01,"Taean",8,"coal",11766,0,0,"warning","zero_dust_tsp_coal_generation","TSP"
"western_power",2023-03-01,"Taean",10,"coal",109912,0,0,"warning","zero_dust_tsp_coal_generation","TSP"
"southeast_power",2023-04-01,"Yeosu",2,"coal",13416,323.454791232,0.0241096296386404,"warning","high_dust_tsp_emission_factor;high_sox_emission_factor","TSP"
"southern_power",2023-04-01,"Samcheok",2,"coal",197.9439,131,0.661803672656748,"warning","generation_very_low_nonzero;high_dust_tsp_emission_factor;high_sox_emission_factor","TSP"
"southeast_power",2023-09-01,"Yeongheung",6,"coal",17,49.3942207104,2.90554239472941,"warning","generation_very_low_nonzero;high_dust_tsp_emission_factor;high_nox_emission_factor","TSP"
"southern_power",2023-09-01,"Hadong",2,"coal",31462.544837,3470,0.110289870637523,"warning","high_dust_tsp_emission_factor","TSP"
"western_power",2023-09-01,"Taean",4,"coal",8655,0,0,"warning","zero_dust_tsp_coal_generation","TSP"
"western_power",2023-10-01,"Taean",9,"coal",21016,0,0,"warning","high_nox_emission_factor;zero_dust_tsp_coal_generation","TSP"
"eastwest_power",2023-12-01,"Dangjin",8,"coal",167339.84,737,0.00440421121473524,"warning","recent_shift_low_dust_tsp_mass","TSP"
"southern_power",2023-12-01,"Namjeju Combined",,"natural_gas",8923.075435,855,0.0958189814967086,"warning","high_dust_tsp_emission_factor;high_nox_emission_factor;high_sox_emission_factor","TSP"
"western_power",2023-12-01,"Taean",5,"coal",26604,0,0,"warning","zero_dust_tsp_coal_generation","TSP"
"eastwest_power",2024-01-01,"Dangjin",5,"coal",131392.949,8280,0.0630170801631068,"warning","high_dust_tsp_emission_factor","TSP"
"eastwest_power",2024-01-01,"Dangjin",6,"coal",298610.767,20030,0.0670772866003187,"warning","high_dust_tsp_emission_factor;high_dust_tsp_mass","TSP"
"eastwest_power",2024-01-01,"Dangjin",7,"coal",282507.226,16050,0.056812706093401,"warning","high_dust_tsp_emission_factor;high_dust_tsp_mass","TSP"
"eastwest_power",2024-01-01,"Dangjin",8,"coal",172165.762,11610,0.0674350106846447,"warning","high_dust_tsp_emission_factor;high_dust_tsp_mass","TSP"
"eastwest_power",2024-01-01,"Dangjin",9,"coal",580883.746,37660,0.0648322495840674,"warning","high_dust_tsp_emission_factor;high_dust_tsp_mass;recent_shift_high_dust_tsp_mass;recent_shift_low_nox_mass","TSP"
"eastwest_power",2024-01-01,"Dangjin",10,"coal",450654.865,26160,0.0580488574110922,"warning","high_dust_tsp_emission_factor;high_dust_tsp_mass;recent_shift_high_dust_tsp_mass;recent_shift_low_nox_mass","TSP"
"eastwest_power",2024-01-01,"Donghae",1,"coal",122652.874,41530,0.338597854625078,"warning","high_dust_tsp_emission_factor;high_dust_tsp_mass;recent_shift_high_dust_tsp_mass;recent_shift_low_nox_mass","TSP"
"eastwest_power",2024-01-01,"Donghae",2,"coal",135503.975,48950,0.361244015166345,"warning","high_dust_tsp_emission_factor;high_dust_tsp_mass;recent_shift_high_dust_tsp_mass;recent_shift_low_nox_mass","TSP"
"eastwest_power",2024-02-01,"Dangjin",4,"coal",221376.357,7580,0.0342403321778396,"warning","high_dust_tsp_emission_factor","TSP"
"eastwest_power",2024-02-01,"Dangjin",5,"coal",214378.587,16860,0.0786459143888284,"warning","high_dust_tsp_emission_factor;high_dust_tsp_mass","TSP"
"eastwest_power",2024-02-01,"Dangjin",6,"coal",235725.445,20610,0.0874322243829044,"warning","high_dust_tsp_emission_factor;high_dust_tsp_mass","TSP"
"eastwest_power",2024-02-01,"Dangjin",7,"coal",239287.785,18590,0.0776888799401106,"warning","high_dust_tsp_emission_factor;high_dust_tsp_mass","TSP"
"eastwest_power",2024-02-01,"Dangjin",8,"coal",196325.135,16850,0.0858270134387021,"warning","high_dust_tsp_emission_factor;high_dust_tsp_mass;recent_shift_high_dust_tsp_mass","TSP"
"eastwest_power",2024-02-01,"Dangjin",9,"coal",386433.089,27510,0.0711895559233542,"warning","high_dust_tsp_emission_factor;high_dust_tsp_mass;recent_shift_high_dust_tsp_mass;recent_shift_low_nox_mass","TSP"
"eastwest_power",2024-02-01,"Dangjin",10,"coal",470837.203,32860,0.0697905768504024,"warning","high_dust_tsp_emission_factor;high_dust_tsp_mass;recent_shift_high_dust_tsp_mass;recent_shift_low_nox_mass","TSP"
"eastwest_power",2024-02-01,"Donghae",1,"coal",16243.084,5570,0.34291517546791,"warning","high_dust_tsp_emission_factor;high_dust_tsp_mass;recent_shift_low_nox_mass;recent_shift_low_sox_mass","TSP"
"eastwest_power",2024-02-01,"Donghae",2,"coal",122168.693,46930,0.384140968095648,"warning","high_dust_tsp_emission_factor;high_dust_tsp_mass;recent_shift_high_dust_tsp_mass;recent_shift_low_nox_mass","TSP"
"midland_power",2024-02-01,"Jeju",,"oil",979,744.689749,0.760663686414709,"warning","high_dust_tsp_emission_factor","TSP"
"eastwest_power",2024-03-01,"Dangjin",5,"coal",223278.468,13920,0.0623436739094788,"warning","high_dust_tsp_emission_factor;high_dust_tsp_mass","TSP"
"eastwest_power",2024-03-01,"Dangjin",6,"coal",292411.159,20720,0.0708591288747636,"warning","high_dust_tsp_emission_factor;high_dust_tsp_mass","TSP"
"eastwest_power",2024-03-01,"Dangjin",7,"coal",276445.765,16400,0.0593244754536211,"warning","high_dust_tsp_emission_factor;high_dust_tsp_mass","TSP"
"eastwest_power",2024-03-01,"Dangjin",8,"coal",234862.417,21210,0.0903081909439772,"warning","high_dust_tsp_emission_factor;high_dust_tsp_mass;recent_shift_high_dust_tsp_mass","TSP"
"eastwest_power",2024-03-01,"Dangjin",10,"coal",612784.633,48740,0.0795385480888846,"warning","high_dust_tsp_emission_factor;high_dust_tsp_mass;recent_shift_high_dust_tsp_mass;recent_shift_low_nox_mass","TSP"
"eastwest_power",2024-03-01,"Donghae",1,"coal",102658.648,33020,0.321648498624295,"warning","high_dust_tsp_emission_factor;high_dust_tsp_mass;recent_shift_high_dust_tsp_mass;recent_shift_low_nox_mass","TSP"
"eastwest_power",2024-03-01,"Donghae",2,"coal",14957.683,5540,0.370378219674799,"warning","high_dust_tsp_emission_factor;high_dust_tsp_mass;recent_shift_low_nox_mass;recent_shift_low_sox_mass","TSP"
"midland_power",2024-03-01,"Jeju",,"oil",2484,579.095135,0.233130086553945,"warning","high_dust_tsp_emission_factor","TSP"
"southeast_power",2024-03-01,"Yeongheung",4,"coal",467910.26,4691.6952344928,0.0100269124991891,"warning","high_dust_tsp_emission_factor","TSP"
"western_power",2024-03-01,"Taean",9,"coal",61746,0,0,"warning","zero_dust_tsp_coal_generation","TSP"
"eastwest_power",2024-04-01,"Dangjin",4,"coal",167175.52,5360,0.0320621105291014,"warning","high_dust_tsp_emission_factor","TSP"
"eastwest_power",2024-04-01,"Dangjin",5,"coal",128567.714,9150,0.071168722810145,"warning","high_dust_tsp_emission_factor","TSP"
"eastwest_power",2024-04-01,"Dangjin",6,"coal",234340.325,17880,0.076299288225362,"warning","high_dust_tsp_emission_factor;high_dust_tsp_mass","TSP"
"eastwest_power",2024-04-01,"Dangjin",7,"coal",242651.773,16830,0.0693586524916923,"warning","high_dust_tsp_emission_factor;high_dust_tsp_mass","TSP"
"eastwest_power",2024-04-01,"Dangjin",8,"coal",225892.97,18890,0.0836236736362358,"warning","high_dust_tsp_emission_factor;high_dust_tsp_mass;recent_shift_high_dust_tsp_mass","TSP"
"eastwest_power",2024-04-01,"Dangjin",10,"coal",416808.778,30980,0.0743266496177295,"warning","high_dust_tsp_emission_factor;high_dust_tsp_mass;recent_shift_high_dust_tsp_mass;recent_shift_low_nox_mass","TSP"
"eastwest_power",2024-04-01,"Donghae",1,"coal",95902.888,33940,0.353899665670131,"warning","high_dust_tsp_emission_factor;high_dust_tsp_mass;recent_shift_high_dust_tsp_mass;recent_shift_low_nox_mass","TSP"
"eastwest_power",2024-04-01,"Donghae",2,"coal",26382.07,9920,0.37601295122028,"warning","high_dust_tsp_emission_factor;high_dust_tsp_mass;recent_shift_low_nox_mass;recent_shift_low_sox_mass","TSP"
"midland_power",2024-04-01,"Jeju",,"oil",1040,452.205163,0.434812656730769,"warning","high_dust_tsp_emission_factor","TSP"
"southeast_power",2024-04-01,"Yeosu",1,"coal",14556,244.5453512352,0.0168003126707337,"warning","high_dust_tsp_emission_factor","TSP"
"eastwest_power",2024-05-01,"Dangjin",1,"coal",218343.7,6960,0.031876349077166,"warning","high_dust_tsp_emission_factor","TSP"
"eastwest_power",2024-05-01,"Dangjin",6,"coal",34607.949,3390,0.0979543745860236,"warning","high_dust_tsp_emission_factor","TSP"
"eastwest_power",2024-05-01,"Dangjin",7,"coal",313915.242,24690,0.0786518037247774,"warning","high_dust_tsp_emission_factor;high_dust_tsp_mass","TSP"
"eastwest_power",2024-05-01,"Dangjin",8,"coal",166992.4,14540,0.0870698307228353,"warning","high_dust_tsp_emission_factor;high_dust_tsp_mass","TSP"
"eastwest_power",2024-05-01,"Dangjin",10,"coal",603527.388,53800,0.0891425991093548,"warning","high_dust_tsp_emission_factor;high_dust_tsp_mass;recent_shift_high_dust_tsp_mass;recent_shift_low_nox_mass","TSP"
"eastwest_power",2024-05-01,"Donghae",1,"coal",78276.301,27200,0.347487038254401,"warning","high_dust_tsp_emission_factor;high_dust_tsp_mass;recent_shift_high_dust_tsp_mass;recent_shift_low_nox_mass;recent_shift_low_sox_mass","TSP"
"eastwest_power",2024-05-01,"Donghae",2,"coal",105230.206,37870,0.359877657181437,"warning","high_dust_tsp_emission_factor;high_dust_tsp_mass;recent_shift_high_dust_tsp_mass;recent_shift_low_nox_mass","TSP"
"eastwest_power",2024-06-01,"Dangjin",1,"coal",248719.697,8160,0.0328080168093804,"warning","high_dust_tsp_emission_factor","TSP"
"eastwest_power",2024-06-01,"Dangjin",4,"coal",134672.239,4710,0.0349738003539096,"warning","high_dust_tsp_emission_factor","TSP"
"eastwest_power",2024-06-01,"Dangjin",5,"coal",48932.104,3260,0.066622927148197,"warning","high_dust_tsp_emission_factor;recent_shift_low_sox_mass","TSP"
"eastwest_power",2024-06-01,"Dangjin",6,"coal",219285.638,20900,0.0953094794105941,"warning","high_dust_tsp_emission_factor;high_dust_tsp_mass","TSP"
"eastwest_power",2024-06-01,"Dangjin",7,"coal",146175.547,12820,0.0877027674129381,"warning","high_dust_tsp_emission_factor;high_dust_tsp_mass","TSP"
"eastwest_power",2024-06-01,"Dangjin",8,"coal",156868.532,14370,0.0916053705404727,"warning","high_dust_tsp_emission_factor;high_dust_tsp_mass","TSP"
"eastwest_power",2024-06-01,"Dangjin",9,"coal",282118.11,25140,0.0891116135720603,"warning","high_dust_tsp_emission_factor;high_dust_tsp_mass;recent_shift_high_dust_tsp_mass;recent_shift_low_nox_mass","TSP"
"eastwest_power",2024-06-01,"Dangjin",10,"coal",649525.102,58440,0.0899734280015555,"warning","high_dust_tsp_emission_factor;high_dust_tsp_mass;recent_shift_high_dust_tsp_mass;recent_shift_low_nox_mass","TSP"
"eastwest_power",2024-06-01,"Donghae",1,"coal",74163.672,3440,0.0463838953389471,"warning","high_dust_tsp_emission_factor;recent_shift_low_nox_mass;recent_shift_low_sox_mass","TSP"
"eastwest_power",2024-06-01,"Donghae",2,"coal",120872.506,5950,0.0492254210399179,"warning","high_dust_tsp_emission_factor;high_dust_tsp_mass;recent_shift_low_nox_mass;recent_shift_low_sox_mass","TSP"
"southeast_power",2024-06-01,"Samcheonpo",5,"coal",7973,450.3571071264,0.0564852761979681,"warning","high_dust_tsp_emission_factor;high_nox_emission_factor;high_sox_emission_factor","TSP"
"western_power",2024-06-01,"Taean",8,"coal",236837,0,0,"warning","recent_shift_low_dust_tsp_mass;zero_dust_tsp_coal_generation","TSP"
"eastwest_power",2024-07-01,"Dangjin",5,"coal",230066.029,12690,0.0551580781185214,"warning","high_dust_tsp_emission_factor;high_dust_tsp_mass","TSP"
"eastwest_power",2024-07-01,"Dangjin",6,"coal",279337.192,21650,0.077504895946688,"warning","high_dust_tsp_emission_factor;high_dust_tsp_mass","TSP"
"eastwest_power",2024-07-01,"Dangjin",7,"coal",279681.365,18700,0.0668618018222272,"warning","high_dust_tsp_emission_factor;high_dust_tsp_mass","TSP"
"eastwest_power",2024-07-01,"Dangjin",8,"coal",214085.8,18730,0.0874882874062642,"warning","high_dust_tsp_emission_factor;high_dust_tsp_mass;recent_shift_high_dust_tsp_mass","TSP"
"eastwest_power",2024-07-01,"Dangjin",9,"coal",586987.189,37040,0.0631018882424025,"warning","high_dust_tsp_emission_factor;high_dust_tsp_mass;recent_shift_high_dust_tsp_mass;recent_shift_low_nox_mass","TSP"
"eastwest_power",2024-07-01,"Dangjin",10,"coal",586997.803,37660,0.0641569692553006,"warning","high_dust_tsp_emission_factor;high_dust_tsp_mass;recent_shift_high_dust_tsp_mass;recent_shift_low_nox_mass","TSP"
"eastwest_power",2024-07-01,"Donghae",1,"coal",51752.953,17310,0.334473667618541,"warning","high_dust_tsp_emission_factor;high_dust_tsp_mass;recent_shift_high_dust_tsp_mass;recent_shift_low_nox_mass;recent_shift_low_sox_mass","TSP"
"eastwest_power",2024-07-01,"Donghae",2,"coal",126871.507,38110,0.300382654081661,"warning","high_dust_tsp_emission_factor;high_dust_tsp_mass;recent_shift_high_dust_tsp_mass;recent_shift_low_nox_mass","TSP"
"southern_power",2024-07-01,"Samcheok",1,"coal",52960.6886,3766,0.0711093473206842,"warning","high_dust_tsp_emission_factor","TSP"
"eastwest_power",2024-08-01,"Dangjin",1,"coal",312889.157,10230,0.0326952844837637,"warning","high_dust_tsp_emission_factor","TSP"
"eastwest_power",2024-08-01,"Dangjin",5,"coal",288337.93,16810,0.0582996486102262,"warning","high_dust_tsp_emission_factor;high_dust_tsp_mass","TSP"
"eastwest_power",2024-08-01,"Dangjin",6,"coal",153159.115,12420,0.0810921374153931,"warning","high_dust_tsp_emission_factor","TSP"
"eastwest_power",2024-08-01,"Dangjin",7,"coal",287883.999,18840,0.0654430258904386,"warning","high_dust_tsp_emission_factor;high_dust_tsp_mass","TSP"
"eastwest_power",2024-08-01,"Dangjin",8,"coal",278011.149,27610,0.0993125639000902,"warning","high_dust_tsp_emission_factor;high_dust_tsp_mass;recent_shift_high_dust_tsp_mass","TSP"
"eastwest_power",2024-08-01,"Dangjin",9,"coal",605851.969,46670,0.0770320183609076,"warning","high_dust_tsp_emission_factor;high_dust_tsp_mass;recent_shift_high_dust_tsp_mass;recent_shift_low_nox_mass","TSP"
"eastwest_power",2024-08-01,"Dangjin",10,"coal",607324.346,42260,0.0695839056647994,"warning","high_dust_tsp_emission_factor;high_dust_tsp_mass;recent_shift_high_dust_tsp_mass;recent_shift_low_nox_mass","TSP"
"eastwest_power",2024-08-01,"Donghae",1,"coal",112084.583,37560,0.335104070467925,"warning","high_dust_tsp_emission_factor;high_dust_tsp_mass;recent_shift_high_dust_tsp_mass;recent_shift_low_nox_mass","TSP"
"eastwest_power",2024-08-01,"Donghae",2,"coal",128631.356,45230,0.351624995697006,"warning","high_dust_tsp_emission_factor;high_dust_tsp_mass;recent_shift_high_dust_tsp_mass;recent_shift_low_nox_mass","TSP"
"western_power",2024-08-01,"Taean",7,"coal",232480,0,0,"warning","recent_shift_low_dust_tsp_mass;zero_dust_tsp_coal_generation","TSP"
"western_power",2024-08-01,"Taean",8,"coal",247149,0,0,"warning","recent_shift_low_dust_tsp_mass;zero_dust_tsp_coal_generation","TSP"
"eastwest_power",2024-09-01,"Dangjin",1,"coal",305112.112,9830,0.0322176656166308,"warning","high_dust_tsp_emission_factor","TSP"
"eastwest_power",2024-09-01,"Dangjin",5,"coal",282652.3,14400,0.0509459855801633,"warning","high_dust_tsp_emission_factor;high_dust_tsp_mass","TSP"
"eastwest_power",2024-09-01,"Dangjin",7,"coal",159450.239,8440,0.0529318742507498,"warning","high_dust_tsp_emission_factor","TSP"
"eastwest_power",2024-09-01,"Dangjin",8,"coal",305025.563,30540,0.10012275594095,"warning","high_dust_tsp_emission_factor;high_dust_tsp_mass;recent_shift_high_dust_tsp_mass","TSP"
"eastwest_power",2024-09-01,"Dangjin",9,"coal",539051.191,31950,0.0592708086605452,"warning","high_dust_tsp_emission_factor;high_dust_tsp_mass;recent_shift_high_dust_tsp_mass;recent_shift_low_nox_mass","TSP"
"eastwest_power",2024-09-01,"Dangjin",10,"coal",622315.338,33260,0.0534455732794425,"warning","high_dust_tsp_emission_factor;high_dust_tsp_mass;recent_shift_high_dust_tsp_mass;recent_shift_low_nox_mass","TSP"
"eastwest_power",2024-09-01,"Donghae",1,"coal",89691.058,30920,0.344738937074418,"warning","high_dust_tsp_emission_factor;high_dust_tsp_mass;recent_shift_high_dust_tsp_mass;recent_shift_low_nox_mass","TSP"
"eastwest_power",2024-09-01,"Donghae",2,"coal",107286.911,38610,0.359876145562621,"warning","high_dust_tsp_emission_factor;high_dust_tsp_mass;recent_shift_high_dust_tsp_mass;recent_shift_low_nox_mass","TSP"
"western_power",2024-09-01,"Taean",7,"coal",242715,0,0,"warning","recent_shift_low_dust_tsp_mass;zero_dust_tsp_coal_generation","TSP"
"western_power",2024-09-01,"Taean",8,"coal",181515,0,0,"warning","recent_shift_low_dust_tsp_mass;zero_dust_tsp_coal_generation","TSP"
"eastwest_power",2024-10-01,"Dangjin",5,"coal",337919.675,19300,0.0571141647789523,"warning","high_dust_tsp_emission_factor;high_dust_tsp_mass;recent_shift_high_dust_tsp_mass","TSP"
"eastwest_power",2024-10-01,"Dangjin",7,"coal",91770.605,7490,0.0816165481310709,"warning","high_dust_tsp_emission_factor","TSP"
"eastwest_power",2024-10-01,"Dangjin",8,"coal",231107.966,28190,0.121977621489689,"warning","high_dust_tsp_emission_factor;high_dust_tsp_mass;recent_shift_high_dust_tsp_mass","TSP"
"eastwest_power",2024-10-01,"Dangjin",9,"coal",439738.782,33070,0.0752037376589632,"warning","high_dust_tsp_emission_factor;high_dust_tsp_mass;recent_shift_high_dust_tsp_mass;recent_shift_low_nox_mass","TSP"
"eastwest_power",2024-10-01,"Dangjin",10,"coal",543328.762,38050,0.0700312640544511,"warning","high_dust_tsp_emission_factor;high_dust_tsp_mass;recent_shift_high_dust_tsp_mass;recent_shift_low_nox_mass","TSP"
"eastwest_power",2024-10-01,"Donghae",1,"coal",5808.956,2080,0.358067783608621,"warning","high_dust_tsp_emission_factor;recent_shift_low_nox_mass;recent_shift_low_sox_mass","TSP"
"eastwest_power",2024-10-01,"Donghae",2,"coal",20029.226,7050,0.35198564337933,"warning","high_dust_tsp_emission_factor;high_dust_tsp_mass;recent_shift_low_nox_mass;recent_shift_low_sox_mass","TSP"
"eastwest_power",2024-11-01,"Dangjin",1,"coal",284516.003,11620,0.0408412879327565,"warning","high_dust_tsp_emission_factor","TSP"
"eastwest_power",2024-11-01,"Dangjin",4,"coal",261396.982,9640,0.0368787731451314,"warning","high_dust_tsp_emission_factor","TSP"
"eastwest_power",2024-11-01,"Dangjin",5,"coal",252635.636,18020,0.0713280211980862,"warning","high_dust_tsp_emission_factor;high_dust_tsp_mass;recent_shift_high_dust_tsp_mass","TSP"
"eastwest_power",2024-11-01,"Dangjin",7,"coal",187135.622,16860,0.0900950862257534,"warning","high_dust_tsp_emission_factor;high_dust_tsp_mass","TSP"
"eastwest_power",2024-11-01,"Dangjin",8,"coal",291786.394,37760,0.129409735259966,"warning","high_dust_tsp_emission_factor;high_dust_tsp_mass;recent_shift_high_dust_tsp_mass","TSP"
"eastwest_power",2024-11-01,"Dangjin",9,"coal",366366.423,47840,0.130579651945888,"warning","high_dust_tsp_emission_factor;high_dust_tsp_mass;recent_shift_high_dust_tsp_mass;recent_shift_low_nox_mass","TSP"
"eastwest_power",2024-11-01,"Dangjin",10,"coal",559809.418,50540,0.0902807247876634,"warning","high_dust_tsp_emission_factor;high_dust_tsp_mass;recent_shift_high_dust_tsp_mass;recent_shift_low_nox_mass","TSP"
"eastwest_power",2024-11-01,"Donghae",1,"coal",13264.642,4440,0.334724450158549,"warning","high_dust_tsp_emission_factor;high_dust_tsp_mass;recent_shift_low_nox_mass;recent_shift_low_sox_mass","TSP"
"eastwest_power",2024-11-01,"Donghae",2,"coal",110137.813,39120,0.355191363750795,"warning","high_dust_tsp_emission_factor;high_dust_tsp_mass;recent_shift_high_dust_tsp_mass;recent_shift_low_nox_mass","TSP"
"western_power",2024-11-01,"Taean",4,"coal",35253,0,0,"warning","recent_shift_low_dust_tsp_mass;recent_shift_low_nox_mass;zero_dust_tsp_coal_generation","TSP"
"western_power",2024-11-01,"Taean",8,"coal",298913,0,0,"warning","recent_shift_low_dust_tsp_mass;zero_dust_tsp_coal_generation","TSP"
"western_power",2024-11-01,"Taean",9,"coal",54912,0,0,"warning","recent_shift_low_dust_tsp_mass;recent_shift_low_nox_mass;zero_dust_tsp_coal_generation","TSP"
"eastwest_power",2024-12-01,"Dangjin",1,"coal",303168.634,11580,0.038196563566665,"warning","high_dust_tsp_emission_factor","TSP"
"eastwest_power",2024-12-01,"Dangjin",5,"coal",325075.817,21290,0.0654924140358309,"warning","high_dust_tsp_emission_factor;high_dust_tsp_mass;recent_shift_high_dust_tsp_mass","TSP"
"eastwest_power",2024-12-01,"Dangjin",6,"coal",131699.496,0,0,"warning","recent_shift_low_dust_tsp_mass;recent_shift_low_nox_mass;recent_shift_low_sox_mass;zero_dust_tsp_coal_generation;zero_nox_with_generation;zero_sox_coal_generation","TSP"
"eastwest_power",2024-12-01,"Dangjin",7,"coal",276376.4,16850,0.0609675789973384,"warning","high_dust_tsp_emission_factor;high_dust_tsp_mass","TSP"
"eastwest_power",2024-12-01,"Dangjin",8,"coal",80170.248,8230,0.10265653662441,"warning","high_dust_tsp_emission_factor","TSP"
"eastwest_power",2024-12-01,"Dangjin",9,"coal",576985.86,49490,0.085773332469534,"warning","high_dust_tsp_emission_factor;high_dust_tsp_mass;recent_shift_high_dust_tsp_mass;recent_shift_low_nox_mass","TSP"
"eastwest_power",2024-12-01,"Dangjin",10,"coal",583135.488,41210,0.0706696828576483,"warning","high_dust_tsp_emission_factor;high_dust_tsp_mass;recent_shift_high_dust_tsp_mass;recent_shift_low_nox_mass","TSP"
"eastwest_power",2024-12-01,"Donghae",1,"coal",108133.022,33280,0.307769073539811,"warning","high_dust_tsp_emission_factor;high_dust_tsp_mass;recent_shift_high_dust_tsp_mass;recent_shift_low_nox_mass","TSP"
"eastwest_power",2024-12-01,"Donghae",2,"coal",102049.392,36180,0.354534204378209,"warning","high_dust_tsp_emission_factor;high_dust_tsp_mass;recent_shift_high_dust_tsp_mass;recent_shift_low_nox_mass","TSP"
"western_power",2024-12-01,"Taean",4,"coal",58957,0,0,"warning","recent_shift_low_dust_tsp_mass;recent_shift_low_nox_mass;zero_dust_tsp_coal_generation","TSP"
"midland_power",2025-01-01,"Seocheon",,"coal",339095,0,0,"warning","zero_dust_tsp_coal_generation;zero_nox_with_generation;zero_sox_coal_generation","TSP"
"western_power",2025-01-01,"Taean",4,"coal",46335,0,0,"warning","recent_shift_low_dust_tsp_mass;recent_shift_low_nox_mass;zero_dust_tsp_coal_generation","TSP"
"southern_power",2025-02-01,"Hadong",8,"coal",39296.5802,473,0.0120366708144237,"warning","recent_shift_low_dust_tsp_mass","TSP"
"western_power",2025-02-01,"Taean",8,"coal",287304,0,0,"warning","recent_shift_low_dust_tsp_mass;zero_dust_tsp_coal_generation","TSP"
"western_power",2025-02-01,"Taean",,"coal",205344,0,0,"warning","recent_shift_low_nox_mass;recent_shift_low_sox_mass;zero_dust_tsp_coal_generation;zero_nox_with_generation;zero_sox_coal_generation","TSP"
"midland_power",2025-03-01,"Seocheon",,"coal",128778,493.755347,0.00383415914985479,"warning","high_dust_tsp_emission_factor;high_dust_tsp_mass","TSP"
"southeast_power",2025-03-01,"Samcheonpo",5,"coal",44190,980.734557744,0.0221935858281059,"warning","high_dust_tsp_emission_factor","TSP"
"southern_power",2025-03-01,"Hadong",7,"coal",22323.8938,162,0.00725679854291369,"warning","recent_shift_low_dust_tsp_mass;recent_shift_low_sox_mass","TSP"
"western_power",2025-03-01,"Taean",7,"coal",38621,0,0,"warning","recent_shift_low_dust_tsp_mass;zero_dust_tsp_coal_generation","TSP"
"western_power",2025-03-01,"Taean",8,"coal",262206,0,0,"warning","recent_shift_low_dust_tsp_mass;zero_dust_tsp_coal_generation","TSP"
"western_power",2025-03-01,"Taean",,"coal",52343,0,0,"warning","zero_dust_tsp_coal_generation","TSP"
"southeast_power",2025-04-01,"Samcheonpo",5,"coal",2398,233.081721504,0.0971983826121768,"warning","generation_very_low_nonzero;high_dust_tsp_emission_factor;high_nox_emission_factor;high_sox_emission_factor","TSP"
"southern_power",2025-04-01,"Hadong",2,"coal",6450.931622,147,0.0227874063179769,"warning","recent_shift_low_dust_tsp_mass","TSP"
"southern_power",2025-04-01,"Hadong",3,"coal",19282.207468,299,0.015506523332259,"warning","recent_shift_low_dust_tsp_mass","TSP"
"southern_power",2025-04-01,"Hadong",5,"coal",7868.156277,125,0.0158868222235744,"warning","recent_shift_low_dust_tsp_mass;recent_shift_low_sox_mass","TSP"
"southern_power",2025-04-01,"Hadong",8,"coal",55706.7646,664,0.011919557791012,"warning","recent_shift_low_dust_tsp_mass","TSP"
"southern_power",2025-04-01,"Namjeju Steam",1,"bio_oil_and_diesel",26620.9,745,0.0279855301661476,"warning","high_dust_tsp_emission_factor","TSP"
"western_power",2025-04-01,"Taean",2,"coal",14932,100,0.00669702652022502,"warning","recent_shift_low_dust_tsp_mass","TSP"
"western_power",2025-04-01,"Taean",8,"coal",116132,0,0,"warning","recent_shift_low_dust_tsp_mass;zero_dust_tsp_coal_generation","TSP"
"western_power",2025-04-01,"Taean",9,"coal",36127,0,0,"warning","recent_shift_low_dust_tsp_mass;recent_shift_low_nox_mass;recent_shift_low_sox_mass;zero_dust_tsp_coal_generation","TSP"
"western_power",2025-05-01,"Taean",,"coal",64277,0,0,"warning","zero_dust_tsp_coal_generation","TSP"
"southern_power",2025-07-01,"Namjeju Steam",1,"bio_oil_and_diesel",1380,39,0.0282608695652174,"warning","high_dust_tsp_emission_factor;recent_shift_low_dust_tsp_mass","TSP"
"southeast_power",2026-02-01,"Yeongheung",5,"coal",26922,46.7963139456,0.00173821833242701,"warning","high_nox_emission_factor;recent_shift_low_dust_tsp_mass;recent_shift_low_nox_mass;recent_shift_low_sox_mass","TSP"
